Alert,Date,Time,Lat,Long,Vehicle,Speed
cas_fcw,2022-06-01,06:26:32,12.724588,79.982251,805,33
cas_fcw,2022-06-01,06:34:09,13.061608,80.254414,2846,26
cas_fcw,2022-06-01,06:34:11,13.061608,80.254414,2846,26
cas_fcw,2022-06-01,06:41:35,12.630791,79.931575,805,58
cas_fcw,2022-06-01,17:01:28,12.747127,79.995694,805,58
cas_fcw,2022-06-01,17:46:32,12.528537,79.898806,805,59
cas_fcw,2022-06-02,05:52:51,12.92584,80.116953,2846,0
cas_fcw,2022-06-02,07:55:39,12.985476,80.173366,2846,41
cas_fcw,2022-06-02,08:05:00,12.814323,80.032604,805,58
cas_fcw,2022-06-02,17:11:25,13.001901,80.199746,2846,39
cas_fcw,2022-06-02,17:12:35,13.005876,80.202256,2846,43
cas_fcw,2022-06-02,17:14:46,13.007645,80.204986,2846,59
cas_fcw,2022-06-02,17:56:56,12.521421,79.894773,805,58
cas_fcw,2022-06-02,18:45:46,12.840146,80.055643,805,20
cas_fcw,2022-06-03,07:42:53,13.009495,80.227822,2846,31
cas_fcw,2022-06-03,07:52:03,12.994164,80.185875,2846,11
cas_fcw,2022-06-03,08:06:20,12.951521,80.140408,2846,31
cas_fcw,2022-06-03,08:24:43,12.900078,80.091588,2846,51
cas_fcw,2022-06-03,08:26:57,12.885319,80.082701,2846,49
cas_fcw,2022-06-03,17:38:36,13.024343,80.228432,2846,16
cas_fcw,2022-06-03,18:22:36,13.054545,80.256635,2846,41
cas_fcw,2022-06-03,18:41:28,13.027923,80.235403,2846,40
cas_fcw,2022-06-03,18:51:08,13.011675,80.222323,2846,36
cas_fcw,2022-06-03,18:53:44,13.010114,80.21517,2846,31
cas_fcw,2022-06-03,18:55:15,13.00863,80.210923,2846,31
cas_fcw,2022-06-03,19:00:21,13.001689,80.199294,2846,36
cas_fcw,2022-06-03,19:00:24,13.001689,80.199294,2846,36
cas_fcw,2022-06-03,19:00:32,13.001821,80.198339,2846,31
cas_fcw,2022-06-03,19:00:40,13.001944,80.197522,2846,31
cas_fcw,2022-06-03,19:09:03,12.993886,80.185348,2846,25
cas_fcw,2022-06-03,19:09:12,12.99349,80.184638,2846,30
cas_fcw,2022-06-03,19:10:43,12.990671,80.18044,2846,32
cas_fcw,2022-06-03,19:11:18,12.98923,80.178686,2846,35
cas_fcw,2022-06-03,19:42:01,12.938366,80.129172,2846,41
cas_fcw,2022-06-03,19:45:22,12.927219,80.118421,2846,30
cas_fcw,2022-06-03,19:48:31,12.916599,80.106432,2846,40
cas_fcw,2022-06-03,19:48:35,12.916599,80.106432,2846,40
cas_fcw,2022-06-03,19:55:59,12.898111,80.090084,2846,45
cas_fcw,2022-06-03,19:59:21,12.883002,80.081891,2846,44
cas_fcw,2022-06-04,17:23:27,12.891431,80.085089,2846,58
cas_fcw,2022-06-04,17:31:55,12.92032,80.11121,2846,42
cas_fcw,2022-06-04,17:39:16,12.932528,80.128199,2846,26
cas_fcw,2022-06-06,06:32:55,13.001455,80.195865,2846,31
cas_fcw,2022-06-06,06:49:23,13.059361,80.25419,2846,31
cas_fcw,2022-06-06,06:59:59,12.923716,80.155849,3143,34
cas_fcw,2022-06-06,07:13:49,13.071168,80.265129,2846,6
cas_fcw,2022-06-06,07:33:44,12.669012,79.973881,805,39
cas_fcw,2022-06-06,07:40:13,13.026364,80.232718,2846,33
cas_fcw,2022-06-06,07:43:06,12.697106,79.976642,805,28
cas_fcw,2022-06-06,07:52:31,12.735173,79.985851,805,53
cas_fcw,2022-06-06,07:58:12,12.944451,80.183072,3143,32
cas_fcw,2022-06-06,08:22:21,12.923264,80.120488,3143,34
cas_fcw,2022-06-06,16:54:34,12.795946,80.020812,805,0
cas_fcw,2022-06-06,16:57:41,12.777161,80.010542,805,55
cas_fcw,2022-06-06,17:00:23,12.761923,80.00383,805,0
cas_fcw,2022-06-06,17:17:05,12.693969,79.978977,805,0
cas_fcw,2022-06-06,18:31:16,12.710426,79.97812,805,49
cas_fcw,2022-06-06,19:00:55,12.856345,80.069369,805,59
cas_fcw,2022-06-07,07:27:04,12.65658,79.950223,805,52
cas_fcw,2022-06-07,07:29:21,12.659658,79.96366,805,32
cas_fcw,2022-06-07,07:37:35,12.689776,79.982197,805,25
cas_fcw,2022-06-07,07:41:17,12.696681,79.976915,805,0
cas_fcw,2022-06-07,07:48:27,13.011064,80.217641,2846,33
cas_fcw,2022-06-07,07:58:43,12.992198,80.182455,2846,37
cas_fcw,2022-06-07,08:05:48,12.992198,80.182455,2846,37
cas_fcw,2022-06-07,08:07:25,12.955225,80.142704,2846,32
cas_fcw,2022-06-07,08:07:33,12.954478,80.142307,2846,31
cas_fcw,2022-06-07,08:18:54,12.911179,80.101344,2846,36
cas_fcw,2022-06-07,17:20:52,13.033378,80.243633,805,20
cas_fcw,2022-06-08,06:49:15,12.936458,80.127308,2846,30
cas_fcw,2022-06-08,08:17:24,13.049052,80.149902,3143,58
cas_fcw,2022-06-08,17:06:31,13.005113,80.201431,805,44
cas_fcw,2022-06-08,19:05:26,12.949344,80.138701,2846,39
cas_fcw,2022-06-08,19:17:57,12.906221,80.096359,2846,17
cas_fcw,2022-06-09,07:11:30,13.063709,80.250865,805,0
cas_fcw,2022-06-09,07:15:31,13.06374,80.250854,805,0
cas_fcw,2022-06-09,07:29:56,13.063729,80.250795,805,0
cas_fcw,2022-06-09,07:41:07,13.169853,80.239518,1995,0
cas_fcw,2022-06-09,08:07:42,12.87563,80.082909,2846,0
cas_fcw,2022-06-09,08:35:28,12.963634,80.215561,2846,11
cas_fcw,2022-06-09,16:53:33,12.923314,80.120134,2846,15
cas_fcw,2022-06-09,16:53:36,12.923258,80.120867,2846,23
cas_fcw,2022-06-09,17:22:03,13.02578,80.230525,805,15
cas_fcw,2022-06-09,17:33:43,13.049399,80.249685,805,21
cas_fcw,2022-06-09,18:45:29,12.948033,80.137677,2846,49
cas_fcw,2022-06-10,07:08:56,13.063756,80.250836,805,0
cas_fcw,2022-06-10,07:33:36,13.062845,80.27419,805,27
cas_fcw,2022-06-10,16:49:06,12.932701,80.123749,805,38
cas_fcw,2022-06-10,16:49:09,12.932701,80.123749,805,38
cas_fcw,2022-06-10,16:49:22,12.934056,80.125036,805,35
cas_fcw,2022-06-10,17:44:07,12.977311,80.223507,2846,44
cas_fcw,2022-06-10,17:50:05,13.054856,80.264181,805,23
cas_fcw,2022-06-11,07:01:28,12.94862,80.199537,2846,31
cas_fcw,2022-06-11,07:13:13,13.067892,80.253342,805,36
cas_fcw,2022-06-11,07:13:40,13.067892,80.253342,805,36
cas_fcw,2022-06-11,16:36:29,12.882738,80.081125,805,25
cas_fcw,2022-06-11,16:43:20,12.909589,80.099308,805,38
cas_fcw,2022-06-11,16:56:12,12.95158,80.140302,805,38
cas_fcw,2022-06-11,17:13:50,13.008016,80.208437,805,43
cas_fcw,2022-06-13,07:41:59,13.013919,80.25928,805,61
cas_fcw,2022-06-13,07:51:54,12.698052,79.970767,2846,32
cas_fcw,2022-06-13,07:53:02,13.011389,80.223193,805,18
cas_fcw,2022-06-13,07:56:50,13.007027,80.204589,805,52
cas_fcw,2022-06-14,17:05:11,12.996181,80.189398,805,27
cas_fcw,2022-06-15,06:45:35,12.550463,79.906396,2846,58
cas_fcw,2022-06-15,07:34:08,13.028131,80.266281,805,32
cas_fcw,2022-06-15,11:58:06,12.927896,80.079004,5339,58
cas_fcw,2022-06-15,16:55:56,12.959618,80.144723,805,34
cas_fcw,2022-06-15,17:04:54,12.992679,80.182936,5339,40
cas_fcw,2022-06-15,17:10:44,13.004333,80.201018,5339,40
cas_fcw,2022-06-15,17:13:42,13.010593,80.216251,5339,27
cas_fcw,2022-06-15,17:49:43,13.065748,80.273827,5339,7
cas_fcw,2022-06-16,07:16:52,13.068289,80.269702,5339,34
cas_fcw,2022-06-16,07:41:06,13.00651,80.254932,805,34
cas_fcw,2022-06-16,07:41:27,13.006518,80.252801,805,34
cas_fcw,2022-06-16,07:43:46,13.011364,80.223472,5339,23
cas_fcw,2022-06-16,07:52:51,13.007687,80.206634,805,29
cas_fcw,2022-06-16,07:54:00,12.985492,80.173425,5339,42
cas_fcw,2022-06-16,07:59:18,12.968753,80.1498,5339,32
cas_fcw,2022-06-16,07:59:56,12.966526,80.148781,5339,22
cas_fcw,2022-06-16,08:18:34,12.926064,80.117231,805,44
cas_fcw,2022-06-16,16:34:31,12.881285,80.080624,805,23
cas_fcw,2022-06-16,16:34:34,12.881285,80.080624,805,23
cas_fcw,2022-06-16,16:39:39,12.909619,80.099295,5339,32
cas_fcw,2022-06-16,16:42:27,12.917035,80.107121,805,37
cas_fcw,2022-06-16,16:44:23,12.926289,80.1174,5339,43
cas_fcw,2022-06-16,16:53:28,12.956395,80.143222,805,26
cas_fcw,2022-06-16,17:04:12,12.999089,80.192916,5339,36
cas_fcw,2022-06-16,17:17:34,13.006816,80.240409,805,42
cas_fcw,2022-06-17,07:35:04,13.041905,80.247715,5339,38
cas_fcw,2022-06-17,07:36:55,12.685462,79.983465,2846,32
cas_fcw,2022-06-17,07:39:22,13.018955,80.262686,805,18
cas_fcw,2022-06-17,07:46:12,13.011694,80.21946,5339,45
cas_fcw,2022-06-17,07:52:14,13.011192,80.223861,805,42
cas_fcw,2022-06-17,08:01:19,12.969506,80.15015,5339,34
cas_fcw,2022-06-17,17:13:35,12.916812,80.106746,805,23
cas_fcw,2022-06-17,17:17:52,12.928327,80.119449,5339,38
cas_fcw,2022-06-17,17:17:58,12.931761,80.122845,805,37
cas_fcw,2022-06-17,17:22:09,12.943324,80.133894,5339,39
cas_fcw,2022-06-17,17:46:30,13.007623,80.20455,5339,58
cas_fcw,2022-06-17,18:08:29,13.04834,80.249423,5339,43
cas_fcw,2022-06-17,18:39:14,13.068183,80.25261,5339,26
cas_fcw,2022-06-17,18:39:36,12.551627,79.906739,2846,52
cas_fcw,2022-06-17,19:53:43,13.064794,80.172247,805,33
cas_fcw,2022-06-20,06:21:00,12.997855,80.191398,5339,36
cas_fcw,2022-06-20,06:27:18,12.951155,80.140008,805,58
cas_fcw,2022-06-20,07:29:39,13.05248,80.251243,5339,26
cas_fcw,2022-06-20,07:51:50,13.006592,80.24233,805,33
cas_fcw,2022-06-20,07:52:38,13.006755,80.240457,805,23
cas_fcw,2022-06-20,08:35:24,12.88378,80.082166,805,47
cas_fcw,2022-06-20,19:49:10,12.551148,79.906694,2846,59
cas_fcw,2022-06-20,20:49:02,12.764676,80.004651,2846,42
cas_fcw,2022-06-20,21:03:34,12.854226,80.067776,2846,41
cas_fcw,2022-06-21,06:22:15,12.649203,79.941124,2846,53
cas_fcw,2022-06-21,06:31:12,12.960754,80.145365,805,37
cas_fcw,2022-06-21,07:04:30,13.020854,80.225307,805,32
cas_fcw,2022-06-21,07:58:30,13.004366,80.201252,805,40
cas_fcw,2022-06-21,08:07:02,12.97769,80.159631,805,58
cas_fcw,2022-06-21,08:15:37,12.894838,80.087624,5339,47
cas_fcw,2022-06-21,16:58:37,12.966779,80.148831,5339,39
cas_fcw,2022-06-21,17:19:41,13.019926,80.22469,5339,27
cas_fcw,2022-06-21,17:19:51,13.019926,80.22469,5339,27
cas_fcw,2022-06-21,17:19:59,13.020997,80.225503,5339,35
cas_fcw,2022-06-21,17:28:17,13.033974,80.244468,5339,39
cas_fcw,2022-06-21,17:34:12,13.050361,80.249869,5339,24
cas_fcw,2022-06-21,17:38:59,13.054284,80.260359,5339,22
cas_fcw,2022-06-21,18:33:07,12.736035,79.986781,2846,59
cas_fcw,2022-06-21,18:54:56,12.830388,80.045325,2846,19
cas_fcw,2022-06-21,18:59:33,12.846475,80.062057,2846,22
cas_fcw,2022-06-21,19:00:40,12.849732,80.064495,2846,0
cas_fcw,2022-06-23,07:38:09,13.024176,80.228454,5339,28
cas_fcw,2022-06-23,07:38:20,13.023617,80.227768,5339,37
cas_fcw,2022-06-23,08:04:16,12.944848,80.135237,5339,54
cas_fcw,2022-06-23,08:04:19,12.944848,80.135237,5339,54
cas_fcw,2022-06-23,08:27:02,12.899344,80.091091,5339,41
cas_fcw,2022-06-23,17:19:38,13.001848,80.198837,5339,46
cas_fcw,2022-06-23,17:20:23,13.001976,80.196614,805,33
cas_fcw,2022-06-23,17:30:12,12.726498,79.982533,2846,57
cas_fcw,2022-06-23,17:44:15,13.020098,80.262443,805,13
cas_fcw,2022-06-23,17:47:14,12.658814,79.961697,2846,62
cas_fcw,2022-06-23,17:48:25,13.052285,80.250919,5339,31
cas_fcw,2022-06-23,18:00:45,12.58323,79.919283,2846,50
cas_fcw,2022-06-24,16:44:06,12.927738,80.118834,5339,28
cas_fcw,2022-06-24,16:59:06,12.985271,80.172846,5339,38
cas_fcw,2022-06-24,17:03:54,12.99638,80.189613,5339,48
cas_fcw,2022-06-24,17:10:00,13.007955,80.207299,5339,56
cas_fcw,2022-06-24,18:01:44,13.072089,80.264046,5339,21
cas_fcw,2022-06-25,07:25:52,13.068391,80.269253,5339,35
cas_fcw,2022-06-25,07:45:54,13.017626,80.224982,5339,58
cas_fcw,2022-06-25,07:54:16,12.993041,80.183859,5339,40
cas_fcw,2022-06-25,08:07:06,12.954569,80.142369,5339,55
cas_fcw,2022-06-25,08:22:11,12.898236,80.090165,5339,54
cas_fcw,2022-06-25,08:25:46,12.879044,80.080572,5339,14
cas_fcw,2022-06-25,16:14:55,12.910776,80.10093,5339,44
cas_fcw,2022-06-25,16:15:01,12.847511,80.063135,2846,37
cas_fcw,2022-06-25,16:15:17,12.91276,80.101453,5339,51
cas_fcw,2022-06-25,16:17:43,12.921618,80.112699,5339,59
cas_fcw,2022-06-25,16:19:23,12.926748,80.117866,5339,30
cas_fcw,2022-06-25,16:19:34,12.908997,80.098316,805,31
cas_fcw,2022-06-25,16:26:52,12.78867,80.016244,2846,58
cas_fcw,2022-06-25,16:30:30,12.953255,80.14154,805,43
cas_fcw,2022-06-25,16:38:00,12.997104,80.190464,5339,46
cas_fcw,2022-06-25,16:38:08,12.997104,80.190464,5339,46
cas_fcw,2022-06-25,16:40:04,13.002164,80.200279,5339,37
cas_fcw,2022-06-25,16:40:50,13.004631,80.201149,5339,20
cas_fcw,2022-06-25,16:42:12,13.007876,80.20722,5339,49
cas_fcw,2022-06-25,16:44:16,12.693974,79.979032,2846,22
cas_fcw,2022-06-25,16:46:28,12.687614,79.982968,2846,30
cas_fcw,2022-06-25,16:49:30,13.021401,80.225726,5339,20
cas_fcw,2022-06-25,17:04:07,13.041913,80.247394,5339,6
cas_fcw,2022-06-25,17:04:09,13.041913,80.247394,5339,6
cas_fcw,2022-06-25,17:05:03,13.044476,80.247891,5339,7
cas_fcw,2022-06-25,17:05:18,13.006832,80.240368,805,23
cas_fcw,2022-06-25,17:15:14,13.012778,80.259158,805,57
cas_fcw,2022-06-25,17:17:15,13.020948,80.262877,805,17
cas_fcw,2022-06-25,17:29:47,13.070954,80.25849,5339,27
cas_fcw,2022-06-25,17:48:12,13.07133,80.258878,805,17
cas_fcw,2022-06-25,18:01:15,13.089129,80.290498,5339,23
cas_fcw,2022-06-25,18:25:03,13.152589,80.303777,5339,42
cas_fcw,2022-06-25,19:54:56,13.087926,80.290052,5339,21
cas_fcw,2022-06-27,07:33:15,12.656894,79.955905,2846,54
cas_fcw,2022-06-27,08:01:55,12.955175,80.142653,5339,34
cas_fcw,2022-06-27,08:02:03,12.954298,80.142195,5339,42
cas_fcw,2022-06-27,08:08:46,12.927857,80.119053,5339,50
cas_fcw,2022-06-27,08:08:49,12.927002,80.1182,5339,43
cas_fcw,2022-06-27,08:15:27,12.956116,80.143257,805,22
cas_fcw,2022-06-27,16:10:27,12.89132,80.08494,805,43
cas_fcw,2022-06-27,16:11:54,12.89806,80.089861,805,45
cas_fcw,2022-06-27,16:15:06,12.845348,80.061348,2846,35
cas_fcw,2022-06-27,16:15:43,12.915692,80.103755,805,40
cas_fcw,2022-06-27,16:30:27,12.765552,80.005233,2846,49
cas_fcw,2022-06-27,16:31:26,12.967858,80.149305,5339,44
cas_fcw,2022-06-27,16:31:53,12.969921,80.150275,805,49
cas_fcw,2022-06-27,16:36:35,12.734226,79.985063,2846,40
cas_fcw,2022-06-27,16:39:57,12.996006,80.189106,5339,53
cas_fcw,2022-06-27,16:40:32,12.998116,80.191718,5339,39
cas_fcw,2022-06-27,16:42:25,13.003831,80.200906,5339,48
cas_fcw,2022-06-27,16:43:32,13.00782,80.203699,5339,23
cas_fcw,2022-06-27,16:43:34,13.008403,80.20293,5339,39
cas_fcw,2022-06-27,16:43:35,13.008282,80.203614,805,28
cas_fcw,2022-06-27,16:58:05,13.032642,80.242692,5339,33
cas_fcw,2022-06-27,17:33:26,13.067151,80.253781,5339,32
cas_fcw,2022-06-27,17:33:50,13.068118,80.252498,5339,27
cas_fcw,2022-06-28,07:42:10,12.684843,79.98347,2846,28
cas_fcw,2022-06-28,07:42:26,13.016788,80.225365,5339,44
cas_fcw,2022-06-28,07:56:25,12.995378,80.188376,805,36
cas_fcw,2022-06-28,07:57:54,12.989959,80.179632,805,43
cas_fcw,2022-06-28,08:16:28,12.89718,80.089396,5339,33
cas_fcw,2022-06-28,16:17:41,12.925812,80.11692,805,46
cas_fcw,2022-06-28,16:21:16,12.938052,80.128726,805,45
cas_fcw,2022-06-28,16:22:32,12.942035,80.132581,5339,26
cas_fcw,2022-06-28,16:38:03,12.997994,80.191607,805,43
cas_fcw,2022-06-28,16:39:24,13.002069,80.19762,805,39
cas_fcw,2022-06-28,16:39:43,12.721558,79.981409,2846,45
cas_fcw,2022-06-28,16:40:04,13.003926,80.200945,805,34
cas_fcw,2022-06-28,16:50:31,12.683041,79.982964,2846,10
cas_fcw,2022-06-28,17:36:09,13.072967,80.261541,5339,22
cas_fcw,2022-06-29,07:15:44,13.071703,80.264569,5339,29
cas_fcw,2022-06-29,07:42:58,13.019307,80.224498,5339,36
cas_fcw,2022-06-29,07:48:59,13.006618,80.242103,805,38
cas_fcw,2022-06-29,08:12:10,12.935704,80.126829,5339,31
cas_fcw,2022-06-29,08:20:39,12.90425,80.094865,5339,32
cas_fcw,2022-06-29,08:20:49,12.903468,80.094213,5339,40
cas_fcw,2022-06-29,16:24:11,12.934599,80.125702,805,15
cas_fcw,2022-06-29,16:25:19,12.938454,80.129081,805,49
cas_fcw,2022-06-29,16:32:10,12.952274,80.140856,5339,27
cas_fcw,2022-06-29,16:32:17,12.952274,80.140856,5339,27
cas_fcw,2022-06-29,16:35:44,12.983578,80.170207,805,58
cas_fcw,2022-06-29,16:47:17,12.995244,80.187874,5339,46
cas_fcw,2022-06-29,16:50:01,13.002528,80.200557,5339,56
cas_fcw,2022-06-29,17:08:02,12.624598,79.928901,2846,57
cas_fcw,2022-06-29,17:34:45,13.071149,80.265017,5339,6
cas_fcw,2022-06-30,07:28:05,13.049277,80.249793,5339,40
cas_fcw,2022-06-30,07:31:35,12.656022,79.953417,2846,56
cas_fcw,2022-06-30,07:32:40,12.658704,79.960993,2846,37
cas_fcw,2022-06-30,07:33:41,13.033633,80.24418,5339,42
cas_fcw,2022-06-30,07:38:45,13.013416,80.226624,5339,45
cas_fcw,2022-06-30,07:56:10,12.970695,80.150733,5339,32
cas_fcw,2022-06-30,07:59:39,12.9541,80.142132,5339,31
cas_fcw,2022-06-30,08:01:16,12.785581,80.014251,2846,57
cas_fcw,2022-06-30,08:03:15,12.796829,80.021255,2846,58
cas_fcw,2022-06-30,08:06:40,12.928412,80.119619,5339,52
cas_fcw,2022-06-30,16:20:37,12.933845,80.124968,5339,50
cas_fcw,2022-06-30,16:24:37,12.950243,80.139275,5339,16
cas_fcw,2022-06-30,16:27:20,12.960699,80.145298,805,33
cas_fcw,2022-06-30,16:52:56,13.006867,80.251424,805,0
cas_fcw,2022-06-30,16:55:38,13.041834,80.247325,5339,0
cas_fcw,2022-06-30,16:58:06,13.050872,80.249972,5339,43
cas_fcw,2022-06-30,16:58:27,13.050872,80.249972,5339,43
cas_fcw,2022-06-30,17:42:45,13.064142,80.249317,5339,32
cas_fcw,2022-07-01,07:09:09,12.5102,79.885222,2846,22
cas_fcw,2022-07-01,07:33:21,12.65632,79.951177,2846,52
cas_fcw,2022-07-01,07:38:20,13.022931,80.227109,5339,45
cas_fcw,2022-07-01,07:45:48,13.00361,80.200919,5339,51
cas_fcw,2022-07-01,08:01:23,12.95025,80.13942,5339,33
cas_fcw,2022-07-01,08:01:27,12.769793,80.006995,2846,58
cas_fcw,2022-07-01,08:02:33,12.998489,80.19231,805,56
cas_fcw,2022-07-01,08:04:32,12.936595,80.127597,5339,32
cas_fcw,2022-07-01,08:04:53,12.935268,80.126412,5339,44
cas_fcw,2022-07-01,08:11:32,12.908243,80.097951,5339,43
cas_fcw,2022-07-01,08:13:33,12.904596,80.095131,5339,31
cas_fcw,2022-07-01,08:27:12,12.916496,80.10625,805,46
cas_fcw,2022-07-01,16:10:06,12.87533,80.07882,2846,50
cas_fcw,2022-07-01,16:11:16,12.867262,80.07556,2846,40
cas_fcw,2022-07-01,16:15:15,12.912761,80.101431,805,44
cas_fcw,2022-07-01,16:26:10,12.791353,80.017811,2846,58
cas_fcw,2022-07-01,16:27:54,12.958703,80.1443,805,39
cas_fcw,2022-07-01,16:33:04,12.986114,80.174177,805,8
cas_fcw,2022-07-01,16:43:41,12.694578,79.978413,2846,31
cas_fcw,2022-07-01,16:52:46,12.662781,79.967752,2846,52
cas_fcw,2022-07-01,16:58:24,13.007042,80.258054,805,31
cas_fcw,2022-07-01,17:03:26,12.616134,79.92609,2846,47
cas_fcw,2022-07-01,17:38:56,13.067777,80.248191,805,20
cas_fcw,2022-07-01,18:12:31,13.104685,80.271207,5339,22
cas_fcw,2022-08-02,07:51:58,12.703409,79.971568,2846,18
cas_fcw,2022-08-02,07:52:54,13.01006,80.214693,3143,46
cas_fcw,2022-08-02,07:54:04,13.007737,80.20694,3143,41
cas_fcw,2022-08-02,07:55:10,13.005006,80.201531,3143,45
cas_fcw,2022-08-02,08:06:43,12.963284,80.147073,3143,47
cas_fcw,2022-08-02,15:52:54,12.936944,80.082781,805,57
cas_fcw,2022-08-02,16:41:04,12.859688,80.072266,2846,28
cas_fcw,2022-08-02,16:49:44,12.90366,80.094067,805,41
cas_fcw,2022-08-02,16:56:39,12.929868,80.113879,3143,24
cas_fcw,2022-08-02,16:59:47,12.942417,80.132855,805,0
cas_fcw,2022-08-02,17:02:47,12.944417,80.134837,3143,40
cas_fcw,2022-08-02,17:20:31,13.009881,80.214001,805,49
cas_fcw,2022-08-02,17:34:59,13.011636,80.259112,805,55
cas_fcw,2022-08-02,17:37:23,13.019924,80.262376,805,19
cas_fcw,2022-08-02,17:41:08,12.984999,80.123421,3143,12
cas_fcw,2022-08-02,17:44:35,12.992091,80.114919,3143,31
cas_fcw,2022-08-02,17:52:54,13.006124,80.100374,3143,34
cas_fcw,2022-08-03,06:48:19,13.056582,80.097428,3143,10
cas_fcw,2022-08-03,07:37:16,12.675987,79.978098,2846,34
cas_fcw,2022-08-03,07:57:58,12.985503,80.173347,5339,33
cas_fcw,2022-08-03,07:59:45,12.994411,80.18641,805,34
cas_fcw,2022-08-03,08:02:36,12.988498,80.177713,805,48
cas_fcw,2022-08-03,08:18:02,12.846482,80.062049,2846,35
cas_fcw,2022-08-03,16:38:59,12.895669,80.088118,5339,37
cas_fcw,2022-08-03,16:55:04,12.781168,80.012314,2846,57
cas_fcw,2022-08-03,17:15:52,13.009697,80.213607,805,36
cas_fcw,2022-08-03,17:41:06,13.055323,80.25497,5339,38
cas_fcw,2022-08-03,18:03:44,13.072187,80.259846,5339,35
cas_fcw,2022-08-04,07:04:26,12.51457,79.888332,2846,56
cas_fcw,2022-08-04,07:04:44,12.51457,79.888332,2846,56
cas_fcw,2022-08-04,07:28:42,12.996479,80.108591,3143,48
cas_fcw,2022-08-04,07:43:47,12.693154,79.979452,2846,31
cas_fcw,2022-08-04,07:47:47,12.999084,80.19304,5339,49
cas_fcw,2022-08-04,07:57:54,12.999838,80.193964,805,48
cas_fcw,2022-08-04,07:57:57,12.999838,80.193964,805,48
cas_fcw,2022-08-04,08:05:09,12.978831,80.161284,805,45
cas_fcw,2022-08-04,08:11:05,12.953977,80.142029,805,34
cas_fcw,2022-08-04,08:19:11,12.932043,80.123306,805,30
cas_fcw,2022-08-04,16:41:34,12.854744,80.068378,2846,53
cas_fcw,2022-08-04,16:42:15,12.850026,80.064968,2846,57
cas_fcw,2022-08-04,16:44:02,12.915938,80.104885,5339,50
cas_fcw,2022-08-04,16:45:41,12.899567,80.091005,805,46
cas_fcw,2022-08-04,16:51:10,12.818983,80.036111,2846,52
cas_fcw,2022-08-04,16:56:08,12.770949,80.007804,2846,54
cas_fcw,2022-08-04,17:00:54,12.974478,80.154822,5339,63
cas_fcw,2022-08-04,17:08:45,12.964481,80.147544,3143,24
cas_fcw,2022-08-04,17:14:04,13.007662,80.20583,5339,48
cas_fcw,2022-08-04,17:45:59,13.054598,80.256383,5339,40
cas_fcw,2022-08-04,17:46:48,12.999266,80.096942,3143,18
cas_fcw,2022-08-05,07:17:40,13.068431,80.269058,805,40
cas_fcw,2022-08-05,07:41:58,13.017326,80.225101,5339,42
cas_fcw,2022-08-05,16:39:08,12.852458,80.066731,2846,58
cas_fcw,2022-08-05,17:08:36,13.001406,80.1958,805,28
cas_fcw,2022-08-05,17:34:29,13.052791,80.251593,5339,42
cas_fcw,2022-08-05,17:36:33,13.029241,80.266473,805,3
cas_fcw,2022-08-05,17:56:34,13.072285,80.259963,5339,38
cas_fcw,2022-08-05,17:58:31,13.066849,80.254367,5339,22
cas_fcw,2022-08-05,18:03:26,13.068153,80.252944,805,26
cas_fcw,2022-08-08,07:56:43,12.738446,79.988514,2846,52
cas_fcw,2022-08-08,08:00:34,12.994204,80.18606,805,0
cas_fcw,2022-08-08,08:00:42,12.969415,80.150127,3143,42
cas_fcw,2022-08-08,08:03:59,12.986633,80.17511,805,22
cas_fcw,2022-08-08,08:08:17,12.938207,80.129036,5339,42
cas_fcw,2022-08-08,08:36:42,12.879099,80.080374,805,6
cas_fcw,2022-08-08,16:38:03,12.889817,80.084406,805,58
cas_fcw,2022-08-08,16:40:50,12.90789,80.097253,805,32
cas_fcw,2022-08-08,16:54:51,12.927144,80.108906,3143,8
cas_fcw,2022-08-08,17:00:49,12.738773,79.988937,2846,58
cas_fcw,2022-08-08,17:18:29,13.010165,80.227896,805,39
cas_fcw,2022-08-08,17:35:16,13.043494,80.247688,5339,34
cas_fcw,2022-08-08,17:56:22,13.067032,80.270252,5339,32
cas_fcw,2022-08-08,18:00:05,13.03466,80.111856,3143,22
cas_fcw,2022-08-08,18:01:08,13.037955,80.112992,3143,23
cas_fcw,2022-08-09,07:07:38,13.063682,80.250968,805,0
cas_fcw,2022-08-09,07:35:04,12.667457,79.971931,2846,57
cas_fcw,2022-08-09,07:45:24,13.007983,80.2085,5339,50
cas_fcw,2022-08-09,07:56:02,13.011001,80.217512,805,37
cas_fcw,2022-08-09,07:59:28,12.966638,80.148844,5339,31
cas_fcw,2022-08-09,08:01:23,12.95624,80.143268,5339,26
cas_fcw,2022-08-09,08:05:54,12.944494,80.134969,3143,43
cas_fcw,2022-08-09,08:13:10,12.913223,80.101629,5339,51
cas_fcw,2022-08-09,08:13:33,12.95131,80.140265,805,33
cas_fcw,2022-08-09,08:20:02,12.924515,80.09909,3143,29
cas_fcw,2022-08-09,17:15:52,13.015495,80.225057,5339,33
cas_fcw,2022-08-09,17:24:16,12.977196,80.135671,3143,28
cas_fcw,2022-08-10,07:31:00,13.048227,80.249522,5339,37
cas_fcw,2022-08-10,07:41:01,12.97594,80.132732,3143,36
cas_fcw,2022-08-10,07:41:21,13.015872,80.25958,805,26
cas_fcw,2022-08-10,07:43:45,12.979366,80.136309,3143,32
cas_fcw,2022-08-10,07:43:48,12.979366,80.136309,3143,32
cas_fcw,2022-08-10,07:44:25,12.691275,79.980731,2846,19
cas_fcw,2022-08-10,07:44:54,12.981948,80.139458,3143,29
cas_fcw,2022-08-10,07:57:02,12.980369,80.164629,5339,53
cas_fcw,2022-08-10,08:08:19,12.935552,80.126726,5339,39
cas_fcw,2022-08-10,08:14:29,12.914079,80.102132,5339,51
cas_fcw,2022-08-10,08:19:21,12.870488,80.076635,2846,58
cas_fcw,2022-08-10,16:37:14,12.859884,80.072294,2846,28
cas_fcw,2022-08-10,16:44:02,12.903124,80.093686,3143,46
cas_fcw,2022-08-10,16:48:11,12.803111,80.025596,2846,54
cas_fcw,2022-08-10,17:01:06,12.922638,80.148385,3143,28
cas_fcw,2022-08-10,17:25:06,13.014607,80.223999,5339,38
cas_fcw,2022-08-10,17:29:16,13.02464,80.22894,5339,27
cas_fcw,2022-08-10,17:44:02,12.512485,79.886334,2846,39
cas_fcw,2022-08-11,07:50:10,13.007623,80.236273,805,52
cas_fcw,2022-08-11,07:59:36,12.994177,80.18593,805,34
cas_fcw,2022-08-11,08:03:33,12.961327,80.145958,5339,31
cas_fcw,2022-08-11,08:06:40,12.973926,80.15408,805,34
cas_fcw,2022-08-11,16:46:05,12.90427,80.09452,805,42
cas_fcw,2022-08-11,16:49:33,12.842309,80.058186,2846,46
cas_fcw,2022-08-11,17:01:44,12.761886,80.003809,2846,41
cas_fcw,2022-08-11,17:07:21,12.91872,80.175546,3143,56
cas_fcw,2022-08-11,17:11:59,12.977198,80.158788,805,56
cas_fcw,2022-08-11,17:23:14,13.001735,80.1963,805,19
cas_fcw,2022-08-11,17:38:52,12.607859,79.92156,2846,58
cas_fcw,2022-08-11,18:02:59,13.044642,80.266796,805,27
cas_fcw,2022-08-12,07:05:36,12.514183,79.887964,2846,57
cas_fcw,2022-08-12,07:47:20,12.697403,79.974137,2846,44
cas_fcw,2022-08-12,07:55:37,12.996407,80.189808,5339,43
cas_fcw,2022-08-12,08:16:10,12.919713,80.110808,5339,42
cas_fcw,2022-08-12,16:36:24,12.879467,80.080088,805,22
cas_fcw,2022-08-12,16:36:32,12.878937,80.080686,3143,14
cas_fcw,2022-08-12,16:38:48,12.894033,80.086895,5339,53
cas_fcw,2022-08-12,16:38:51,12.895225,80.08778,5339,58
cas_fcw,2022-08-12,16:45:44,12.835349,80.050841,2846,51
cas_fcw,2022-08-12,16:45:47,12.835349,80.050841,2846,51
cas_fcw,2022-08-12,17:08:53,13.001485,80.195974,805,18
cas_fcw,2022-08-12,17:15:35,13.014025,80.226334,805,28
cas_fcw,2022-08-12,18:20:57,12.883893,80.08224,3143,30
cas_fcw,2022-08-12,18:32:38,13.07595,80.234885,5339,43
cas_fcw,2022-08-12,18:36:55,13.075282,80.23228,5339,5
cas_fcw,2022-08-12,18:50:30,13.076235,80.202793,5339,26
cas_fcw,2022-08-12,18:58:40,13.069377,80.181028,5339,29
cas_fcw,2022-08-14,07:44:33,13.09113,80.291188,5339,30
cas_fcw,2022-08-14,11:41:21,13.046573,80.280281,5339,44
cas_fcw,2022-08-14,11:44:14,13.033701,80.277422,5339,33
cas_fcw,2022-08-14,11:47:58,13.021569,80.270718,5339,37
cas_fcw,2022-08-14,12:06:57,12.981468,80.23351,5339,30
cas_fcw,2022-08-14,12:31:22,12.945877,80.136089,5339,55
cas_fcw,2022-08-14,12:33:18,12.935595,80.126741,5339,43
cas_fcw,2022-08-14,12:35:46,12.928988,80.120268,5339,51
cas_fcw,2022-08-14,12:37:05,12.92427,80.115501,5339,56
cas_fcw,2022-08-14,12:48:08,12.882225,80.081522,5339,38
cas_fcw,2022-08-15,06:22:19,13.001848,80.198978,5339,45
cas_fcw,2022-08-15,07:16:47,13.068713,80.255981,805,30
cas_fcw,2022-08-15,07:29:41,13.054357,80.253847,5339,37
cas_fcw,2022-08-15,07:40:35,13.020066,80.262995,805,30
cas_fcw,2022-08-15,07:42:40,13.015218,80.259379,805,46
cas_fcw,2022-08-15,07:51:47,12.965566,80.190655,3143,39
cas_fcw,2022-08-15,07:56:04,13.007984,80.208474,805,56
cas_fcw,2022-08-15,08:12:19,12.92081,80.167925,3143,2
cas_fcw,2022-08-15,08:30:06,12.895569,80.088203,805,39
cas_fcw,2022-08-15,08:31:45,12.909074,80.098924,3143,0
cas_fcw,2022-08-15,08:32:43,12.725901,79.982207,2846,37
cas_fcw,2022-08-15,16:37:15,12.898901,80.090522,805,49
cas_fcw,2022-08-15,16:40:45,12.842138,80.057962,2846,48
cas_fcw,2022-08-15,16:54:34,12.751602,79.999102,2846,58
cas_fcw,2022-08-15,17:06:19,12.9971,80.190447,5339,41
cas_fcw,2022-08-15,17:12:24,13.011316,80.218119,5339,40
cas_fcw,2022-08-15,17:18:42,13.026446,80.23271,5339,37
cas_fcw,2022-08-15,17:31:29,13.050184,80.249835,5339,38
cas_fcw,2022-08-15,17:41:48,12.528935,79.899008,2846,53
cas_fcw,2022-08-16,06:30:33,12.905003,80.095072,3143,36
cas_fcw,2022-08-16,07:38:55,12.678,79.979589,2846,16
cas_fcw,2022-08-16,07:51:59,13.007305,80.237768,805,33
cas_fcw,2022-08-16,08:09:05,12.97293,80.152645,805,42
cas_fcw,2022-08-16,08:20:46,12.87692,80.079121,2846,56
cas_fcw,2022-08-16,08:22:51,12.914508,80.102728,805,52
cas_fcw,2022-08-16,08:24:46,12.907802,80.097573,805,26
cas_fcw,2022-08-16,16:37:19,12.895913,80.088309,3143,50
cas_fcw,2022-08-16,16:47:57,12.934181,80.125303,5339,48
cas_fcw,2022-08-16,16:49:52,12.942496,80.133061,5339,56
cas_fcw,2022-08-16,16:53:20,12.922898,80.152692,3143,39
cas_fcw,2022-08-16,16:54:48,12.922859,80.161705,3143,44
cas_fcw,2022-08-16,16:58:18,12.986689,80.175012,805,32
cas_fcw,2022-08-16,17:15:56,13.012351,80.221087,5339,36
cas_fcw,2022-08-16,17:24:30,13.006612,80.255913,805,45
cas_fcw,2022-08-17,07:13:12,13.066898,80.254116,805,26
cas_fcw,2022-08-17,07:17:17,13.06646,80.268266,805,34
cas_fcw,2022-08-17,07:34:05,13.031569,80.267083,805,32
cas_fcw,2022-08-17,07:46:04,13.006499,80.254386,805,0
cas_fcw,2022-08-17,08:04:51,12.94831,80.137864,5339,41
cas_fcw,2022-08-17,08:11:36,12.920082,80.1112,5339,54
cas_fcw,2022-08-17,08:12:47,12.914866,80.10323,5339,46
cas_fcw,2022-08-17,08:19:20,12.923331,80.114517,805,57
cas_fcw,2022-08-17,16:38:44,12.89484,80.08751,3143,49
cas_fcw,2022-08-17,16:38:51,12.895886,80.088301,3143,56
cas_fcw,2022-08-17,16:40:22,12.850463,80.065299,2846,32
cas_fcw,2022-08-17,16:43:25,12.916956,80.107001,3143,23
cas_fcw,2022-08-17,16:43:41,12.917843,80.10832,3143,39
cas_fcw,2022-08-17,16:45:37,12.923931,80.114988,5339,30
cas_fcw,2022-08-17,17:00:17,12.91955,80.180943,3143,44
cas_fcw,2022-08-17,17:05:40,12.980215,80.163704,805,58
cas_fcw,2022-08-17,17:21:46,13.01871,80.224502,5339,44
cas_fcw,2022-08-17,17:22:46,13.023122,80.227171,5339,46
cas_fcw,2022-08-17,17:29:38,13.031644,80.240799,5339,29
cas_fcw,2022-08-17,18:30:07,12.898775,80.090558,3143,45
cas_fcw,2022-08-18,08:06:52,12.931066,80.181607,3143,24
cas_fcw,2022-08-18,08:17:00,12.856755,80.069668,2846,58
cas_fcw,2022-08-18,08:19:41,12.873908,80.077966,2846,58
cas_fcw,2022-08-18,16:48:10,12.9329,80.124042,5339,40
cas_fcw,2022-08-18,16:53:17,12.951462,80.140207,5339,33
cas_fcw,2022-08-18,16:53:27,12.952148,80.140726,5339,33
cas_fcw,2022-08-18,17:37:45,12.527838,79.898449,2846,57
cas_fcw,2022-08-19,07:37:07,12.671127,79.975982,2846,32
cas_fcw,2022-08-19,07:50:39,13.004448,80.201236,5339,48
cas_fcw,2022-08-19,07:55:48,12.988739,80.178013,5339,44
cas_fcw,2022-08-19,08:07:48,12.824904,80.040068,2846,58
cas_fcw,2022-08-19,08:09:54,12.9191,80.179357,3143,32
cas_fcw,2022-08-19,08:15:16,12.857309,80.070042,2846,58
cas_fcw,2022-08-19,16:31:30,12.876529,80.084276,2846,33
cas_fcw,2022-08-19,16:38:17,12.890811,80.084839,3143,51
cas_fcw,2022-08-19,16:43:36,12.919534,80.110417,3143,42
cas_fcw,2022-08-19,16:44:29,12.922885,80.113788,3143,37
cas_fcw,2022-08-19,17:10:25,13.008233,80.20967,5339,43
cas_fcw,2022-08-19,17:11:31,12.6996,79.968924,2846,17
cas_fcw,2022-08-19,17:11:49,12.6996,79.968924,2846,17
cas_fcw,2022-08-19,17:13:01,13.013352,80.222538,5339,34
cas_fcw,2022-08-19,17:16:46,13.025416,80.229946,5339,31
cas_fcw,2022-08-19,17:21:49,13.033874,80.244336,5339,30
cas_fcw,2022-08-19,17:44:32,12.953051,80.165389,3143,28
cas_fcw,2022-08-19,17:48:54,12.959287,80.144994,3143,42
cas_fcw,2022-08-19,17:59:09,12.926176,80.117378,3143,10
cas_fcw,2022-08-22,07:35:58,12.97854,80.136017,3143,20
cas_fcw,2022-08-22,07:42:16,12.687152,79.983057,2846,25
cas_fcw,2022-08-22,08:20:37,12.870651,80.076702,2846,58
cas_fcw,2022-08-22,16:56:35,12.922535,80.137584,3143,0
cas_fcw,2022-08-22,17:02:25,12.739698,79.9897,2846,60
cas_fcw,2022-08-22,18:19:52,12.928843,80.120124,3143,41
cas_fcw,2022-08-23,08:01:22,12.605357,79.920616,2846,16
cas_fcw,2022-08-23,08:08:05,12.954525,80.142315,5339,39
cas_fcw,2022-08-23,08:21:08,12.693698,79.979244,2846,42
cas_fcw,2022-08-23,08:21:19,12.693698,79.979244,2846,42
cas_fcw,2022-08-23,08:23:55,12.903877,80.094587,5339,38
cas_fcw,2022-08-23,16:53:58,12.956839,80.143373,3143,29
cas_fcw,2022-08-23,16:54:42,12.956839,80.143373,3143,29
cas_fcw,2022-08-23,17:09:01,13.005928,80.202361,3143,39
cas_fcw,2022-08-23,17:13:30,13.013668,80.223043,3143,43
cas_fcw,2022-08-23,17:48:53,13.056405,80.264509,3143,40
cas_fcw,2022-08-23,17:48:56,13.057247,80.264797,3143,38
cas_fcw,2022-08-24,07:20:02,13.0667,80.268425,3143,32
cas_fcw,2022-08-24,07:29:15,13.051699,80.263992,3143,11
cas_fcw,2022-08-24,08:03:21,12.99039,80.180109,3143,54
cas_fcw,2022-08-24,08:04:06,12.98699,80.175572,3143,42
cas_fcw,2022-08-24,08:06:56,12.978858,80.161284,3143,42
cas_fcw,2022-08-24,08:33:32,12.892748,80.086061,3143,44
cas_fcw,2022-08-24,17:11:06,13.005893,80.202335,5339,31
cas_fcw,2022-08-24,17:19:34,13.024896,80.229284,5339,31
cas_fcw,2022-08-25,07:30:43,13.047978,80.249287,5339,36
cas_fcw,2022-08-25,08:34:02,12.908915,80.09861,3143,24
cas_fcw,2022-08-25,08:35:56,12.904835,80.095344,3143,19
cas_fcw,2022-08-25,08:36:19,12.903392,80.094181,3143,50
cas_fcw,2022-08-25,15:01:49,12.79133,80.218721,3143,39
cas_fcw,2022-08-26,06:03:44,12.924146,80.115832,5339,22
cas_fcw,2022-08-26,06:56:39,13.067991,80.247182,5339,38
cas_fcw,2022-08-29,07:22:55,13.058585,80.27416,5339,25
cas_fcw,2022-08-29,07:37:26,12.97927,80.226749,3143,43
cas_fcw,2022-08-29,07:41:54,12.964146,80.212942,3143,32
cas_fcw,2022-08-29,07:52:22,12.989275,80.178721,5339,30
cas_fcw,2022-08-29,07:56:02,12.978789,80.161284,5339,45
cas_fcw,2022-08-29,08:30:39,12.907858,80.097648,3143,35
cas_fcw,2022-08-29,18:24:18,13.007965,80.207911,5339,32
cas_fcw,2022-08-29,18:26:09,13.010792,80.216837,5339,32
cas_fcw,2022-08-30,06:43:27,12.90853,80.097763,3143,50
cas_fcw,2022-08-30,07:03:21,12.928306,80.199418,3143,44
cas_fcw,2022-08-30,07:38:11,13.033848,80.244468,5339,51
cas_fcw,2022-08-30,08:07:47,12.948428,80.137919,5339,45
cas_fcw,2022-08-30,17:59:13,12.918842,80.178784,3143,32
cas_fcw,2022-08-31,05:56:54,12.91683,80.106753,5339,36
cas_fcw,2022-08-31,07:14:39,13.066781,80.246055,5339,37
cas_fcw,2022-08-31,07:38:34,13.03066,80.239131,5339,33
cas_fcw,2022-08-31,07:52:38,12.993408,80.184513,5339,42
cas_fcw,2022-08-31,08:18:59,12.922392,80.140597,3143,17
cas_fcw,2022-08-31,08:29:06,12.909057,80.098864,3143,21
cas_fcw,2022-08-31,08:36:09,12.882956,80.081853,3143,40
cas_fcw,2022-08-31,16:39:58,12.9057,80.095599,5339,49
cas_fcw,2022-08-31,17:31:04,13.006577,80.253451,5339,37
