Weekday,Lat,Long,Count,Avg_speed,Chennai_colleges,Chennai_hotels,Chennai_schools,Chennai_hospitals,Chennai_markets,Chennai_transport_stand,Chennai_religious_places,Chennai_tourist_places
Monday,12.919384,80.110202,31,47,0,0,0,4,0,0,0,0
Monday,12.537471,79.903271,27,56,0,0,0,0,0,0,0,0
Monday,12.890406,80.08467,25,54,0,0,0,0,0,0,0,0
Monday,12.873207,80.077638,24,54,0,0,0,0,0,2,0,1
Monday,12.542185,79.904581,23,53,0,0,0,0,0,0,0,0
Monday,12.825258,80.04037,23,55,0,0,0,0,0,0,0,0
Monday,12.593282,79.919268,23,57,0,0,0,0,0,0,0,0
Monday,12.603864,79.920344,22,53,0,0,0,0,0,0,0,0
Monday,12.654079,79.942219,22,54,0,0,0,0,0,0,0,0
Monday,12.614185,79.925161,22,57,0,0,0,0,0,0,0,0
Monday,12.608681,79.92199,22,54,0,0,0,0,0,0,0,0
Monday,12.533065,79.90098,22,51,0,0,0,0,0,0,0,0
Monday,12.922657,80.113695,22,50,1,0,0,6,0,4,0,0
Monday,12.829904,80.04511,22,56,0,0,0,0,0,0,0,0
Monday,12.524024,79.896491,21,56,0,0,0,0,0,0,0,0
Monday,12.764588,80.004821,20,49,0,0,0,0,0,0,0,0
Monday,12.515689,79.887146,20,55,0,0,0,0,0,0,0,0
Monday,12.619246,79.92681,19,58,0,0,0,0,0,0,0,0
Monday,12.916579,80.106408,19,45,0,0,0,0,0,0,0,0
Monday,12.588161,79.919448,19,57,0,0,0,0,0,0,0,0
Monday,12.547918,79.905808,19,52,0,0,0,0,0,0,0,0
Monday,12.528694,79.898691,18,52,0,0,0,0,0,0,0,0
Monday,12.711866,79.979001,18,52,0,0,0,0,0,0,0,0
Monday,12.983415,80.170079,18,53,0,0,0,0,0,0,0,2
Monday,12.866446,80.075049,18,54,0,0,0,0,0,1,0,0
Monday,12.752317,79.999592,18,57,0,0,0,0,0,0,0,0
Monday,12.977352,80.159016,18,52,0,0,0,0,0,0,0,3
Monday,12.746626,79.995288,17,55,0,0,0,0,0,0,0,0
Monday,12.835121,80.05057,16,55,0,0,0,0,0,0,0,0
Monday,12.635364,79.933385,16,54,0,0,0,0,0,0,0,0
Monday,12.853995,80.067572,16,54,0,0,0,0,0,0,0,0
Monday,12.75752,80.002572,16,49,0,0,0,0,0,0,0,0
Monday,12.769586,80.006857,16,52,0,0,0,0,0,0,0,0
Monday,12.980102,80.163734,15,52,0,0,0,0,0,0,0,2
Monday,12.649088,79.941085,15,52,0,0,0,0,0,0,0,0
Monday,12.878948,80.080572,15,39,0,0,0,0,0,2,0,1
Monday,12.657666,79.945654,15,46,0,0,0,0,0,0,0,0
Monday,12.905215,80.095234,15,49,0,0,0,0,0,1,0,1
Monday,12.657383,79.95784,14,53,0,0,0,0,0,0,0,0
Monday,12.519582,79.892992,14,56,0,0,0,0,0,0,0,0
Monday,12.704124,79.97259,14,53,0,0,0,0,0,0,0,0
Monday,12.512551,79.883797,14,51,0,0,0,0,0,0,0,0
Monday,12.848942,80.064173,14,43,0,0,0,0,0,0,0,0
Monday,12.838912,80.054528,13,55,0,0,0,0,0,0,0,0
Monday,12.814285,80.032588,13,55,0,0,0,0,0,0,0,0
Monday,13.010407,80.21613,13,52,1,1,0,1,0,6,2,1
Monday,12.895606,80.088165,13,54,0,0,0,0,0,0,0,0
Monday,12.820096,80.036728,13,54,0,0,0,0,0,0,0,0
Monday,12.973143,80.152819,13,55,0,1,0,0,0,1,0,2
Monday,12.727217,79.982504,13,37,0,0,0,0,0,0,0,0
Monday,12.742641,79.991829,13,54,0,0,0,0,0,0,0,0
Monday,12.552795,79.90742,13,58,0,0,0,0,0,0,0,0
Monday,12.56294,79.913043,13,52,0,0,0,0,0,0,0,0
Monday,12.859799,80.071906,12,54,0,0,0,0,0,0,0,0
Monday,12.94636,80.13649,12,46,0,1,1,2,0,2,1,0
Monday,12.967858,80.149305,12,51,0,1,0,1,0,1,0,0
Monday,12.886036,80.082836,12,53,0,0,0,0,0,1,0,1
Monday,12.507558,79.881116,12,46,0,0,0,0,0,0,0,0
Monday,12.640318,79.93644,12,56,0,0,0,0,0,0,0,0
Monday,12.581599,79.918806,12,58,0,0,0,0,0,0,0,0
Monday,13.007765,80.206432,11,49,0,0,0,2,1,6,2,2
Monday,12.569442,79.915602,11,56,0,0,0,0,0,0,0,0
Monday,12.793331,80.018943,11,50,0,0,0,0,0,0,0,0
Monday,12.717844,79.980981,11,54,0,0,0,0,0,0,0,0
Monday,12.733465,79.983672,11,54,0,0,0,0,0,0,0,0
Monday,12.93296,80.124188,11,45,0,0,0,1,0,4,0,0
Monday,12.937018,80.127766,11,49,0,0,0,1,0,3,0,1
Monday,12.557285,79.90972,11,57,0,0,0,0,0,0,0,0
Monday,12.722472,79.981551,10,33,0,0,0,0,0,0,0,0
Monday,12.659073,79.96212,10,53,0,0,0,0,0,0,0,0
Monday,12.844545,80.060318,10,42,0,0,0,0,0,0,0,0
Monday,12.738368,79.988492,10,54,0,0,0,0,0,0,0,0
Monday,12.775479,80.009624,10,50,0,0,0,0,0,0,0,0
Monday,12.677596,79.958608,10,57,0,0,0,0,0,0,0,0
Monday,12.802527,80.024966,10,56,0,0,0,0,0,0,0,0
Monday,12.693327,79.965008,10,56,0,0,0,0,0,0,0,0
Monday,12.502134,79.876992,10,53,0,0,0,0,0,0,0,0
Monday,12.78788,80.015758,9,57,0,0,0,0,0,0,0,0
Monday,12.576158,79.917141,9,57,0,0,0,0,0,0,0,0
Monday,12.962853,80.146784,9,43,0,1,0,1,0,1,0,0
Monday,12.79857,80.022345,9,49,0,0,0,0,0,0,0,0
Monday,13.004867,80.201399,8,45,1,0,0,3,2,0,2,1
Monday,12.78194,80.012532,8,58,0,0,0,0,0,0,0,0
Monday,12.630399,79.931218,8,53,0,0,0,0,0,0,0,0
Monday,12.986618,80.174875,8,47,0,0,0,0,0,0,0,1
Monday,12.68998,79.96148,8,55,0,0,0,0,0,0,0,0
Monday,12.497306,79.872904,7,55,0,0,0,0,0,0,0,0
Monday,12.926179,80.078389,7,49,0,0,0,0,0,0,0,0
Monday,12.888479,80.072623,7,57,0,0,0,0,0,0,0,0
Monday,12.699924,79.968494,7,53,0,0,0,0,0,0,0,0
Monday,12.809964,80.029803,7,54,0,0,0,0,0,0,0,0
Monday,13.013622,80.222838,7,55,2,1,2,2,1,2,4,0
Monday,12.624354,79.92873,7,58,0,0,0,0,0,0,0,0
Monday,12.667109,79.971488,7,56,0,0,0,0,0,0,0,0
Monday,12.672776,79.9587,6,57,0,0,0,0,0,0,0,0
Monday,13.023132,80.227186,6,48,1,0,1,1,1,4,7,2
Monday,13.006436,80.256482,6,35,1,1,6,2,0,1,0,2
Monday,13.01247,80.259251,6,30,2,1,5,1,0,0,2,3
Monday,13.00853,80.231723,5,47,3,1,1,1,0,0,0,3
Monday,12.927064,80.118265,5,48,1,0,0,6,0,4,0,0
Monday,13.001855,80.196704,5,38,1,1,0,1,2,0,2,1
Monday,12.998831,80.192735,5,42,1,1,0,0,1,1,2,1
Monday,12.682647,79.958423,5,57,0,0,0,0,0,0,0,0
Monday,12.913978,80.102003,5,52,0,0,0,0,0,0,0,0
Monday,12.991832,80.181832,5,28,0,0,0,1,0,1,0,1
Monday,12.661364,79.966856,5,51,0,0,0,0,0,0,0,0
Monday,12.951155,80.140008,4,50,0,1,1,1,0,2,1,0
Monday,12.44649,79.83837,4,49,0,0,0,0,0,0,0,0
Monday,12.479393,79.859896,4,54,0,0,0,0,0,0,0,0
Monday,12.89703,80.070707,3,57,0,0,0,0,0,0,0,0
Monday,13.032688,80.08904,3,54,0,0,0,0,0,0,0,0
Monday,12.997496,80.0874,3,57,0,0,0,0,0,1,0,0
Monday,12.46678,79.850656,3,58,0,0,0,0,0,0,0,0
Monday,13.057126,80.100036,3,52,0,0,0,0,0,1,0,0
Monday,12.947059,80.086184,3,58,0,0,0,0,0,0,0,0
Monday,13.006878,80.251355,3,40,3,1,4,2,0,1,0,3
Monday,12.958334,80.144259,3,42,0,2,0,1,0,1,0,0
Monday,12.949434,80.183834,2,50,0,0,0,1,0,0,0,0
Monday,12.951814,80.17174,2,48,0,1,0,0,0,1,0,0
Monday,12.953604,80.163521,2,42,0,0,0,0,0,0,0,0
Monday,12.91919,80.076216,2,57,0,0,0,0,0,0,0,1
Monday,12.948617,80.193895,2,52,0,0,0,1,0,0,1,0
Monday,12.459254,79.84534,2,56,0,0,0,0,0,0,0,0
Monday,12.955668,80.153649,2,55,0,0,0,1,0,0,0,0
Monday,13.006908,80.091303,2,58,0,0,0,0,0,0,0,0
Monday,13.03741,80.246568,2,51,6,14,4,8,0,7,2,2
Monday,12.663457,79.960862,2,58,0,0,0,0,0,0,0,0
Monday,13.059481,80.254169,2,54,8,12,5,8,1,7,1,2
Monday,12.919063,80.174118,1,33,0,0,1,0,0,1,0,1
Monday,13.053295,80.252219,1,56,10,10,8,9,1,9,7,3
Monday,12.905945,80.071957,1,55,0,0,0,0,0,0,0,0
Monday,13.041237,80.086168,1,58,0,0,0,0,0,0,0,0
Monday,12.452906,79.841182,1,55,0,0,0,0,0,0,0,0
Monday,13.06425,80.26553,1,50,3,22,7,4,4,5,8,1
Monday,12.912218,80.073957,1,46,0,0,0,0,0,0,0,1
Monday,13.056663,80.115881,1,54,0,0,0,0,0,0,0,0
Monday,12.96656,80.21725,1,40,0,0,0,0,0,2,2,0
Monday,12.955716,80.212764,1,54,0,0,0,1,0,1,0,0
Tuesday,12.922495,80.113591,37,52,1,0,0,6,0,4,0,0
Tuesday,12.888529,80.083997,33,51,0,0,0,0,0,1,0,0
Tuesday,12.893182,80.086206,29,51,0,0,0,0,0,0,0,0
Tuesday,12.917551,80.10793,29,51,0,0,0,2,0,0,0,0
Tuesday,12.980484,80.164664,27,53,0,0,0,0,0,0,0,2
Tuesday,12.516383,79.889,25,52,0,0,0,0,0,0,0,0
Tuesday,12.62431,79.928632,24,56,0,0,0,0,0,0,0,0
Tuesday,12.885672,80.079986,23,52,0,0,0,0,0,1,0,1
Tuesday,12.978385,80.16048,23,53,0,0,0,0,0,0,0,3
Tuesday,12.98271,80.168886,23,53,0,0,0,0,0,0,0,2
Tuesday,12.853619,80.067308,21,52,0,0,0,0,0,0,0,0
Tuesday,12.915605,80.102933,21,49,0,0,0,0,0,0,0,0
Tuesday,12.617336,79.926356,21,57,0,0,0,0,0,0,0,0
Tuesday,13.007966,80.208432,20,51,0,0,0,2,0,6,2,1
Tuesday,12.601535,79.920118,20,52,0,0,0,0,0,0,0,0
Tuesday,12.541848,79.904635,20,49,0,0,0,0,0,0,0,0
Tuesday,12.947294,80.136994,20,47,0,1,1,2,0,2,1,0
Tuesday,12.925789,80.116995,20,47,1,0,0,6,0,4,0,0
Tuesday,12.654437,79.94209,19,51,0,0,0,0,0,0,0,0
Tuesday,12.82587,80.040748,19,56,0,0,0,0,0,0,0,0
Tuesday,12.830258,80.045436,18,55,0,0,0,0,0,0,0,0
Tuesday,12.519354,79.892744,18,56,0,0,0,0,0,0,0,0
Tuesday,12.612055,79.92394,18,56,0,0,0,0,0,0,0,0
Tuesday,12.803288,80.025456,18,56,0,0,0,0,0,0,0,0
Tuesday,12.532047,79.900406,17,51,0,0,0,0,0,0,0,0
Tuesday,12.994085,80.185716,17,41,0,2,0,1,0,1,0,0
Tuesday,12.752427,79.999688,17,56,0,0,0,0,0,0,0,0
Tuesday,12.872991,80.077832,17,55,0,0,0,0,0,2,0,1
Tuesday,12.594857,79.919425,17,55,0,0,0,0,0,0,0,0
Tuesday,12.731103,79.983088,17,53,0,0,0,0,0,0,0,0
Tuesday,12.52465,79.896923,17,52,0,0,0,0,0,0,0,0
Tuesday,12.536866,79.902885,17,56,0,0,0,0,0,0,0,0
Tuesday,12.83541,80.050797,16,56,0,0,0,0,0,0,0,0
Tuesday,12.89787,80.089764,16,51,0,0,0,0,0,0,0,1
Tuesday,12.646735,79.940348,16,54,0,0,0,0,0,0,0,0
Tuesday,12.967426,80.149114,16,53,0,1,0,1,0,1,0,0
Tuesday,12.943165,80.133687,16,54,0,0,1,2,0,4,0,0
Tuesday,12.726303,79.982308,15,36,0,0,0,0,0,0,0,0
Tuesday,12.807418,80.028166,15,51,0,0,0,0,0,0,0,0
Tuesday,12.798423,80.02241,15,53,0,0,0,0,0,0,0,0
Tuesday,12.881113,80.080721,14,49,0,0,0,0,0,2,0,1
Tuesday,12.735209,79.985959,14,56,0,0,0,0,0,0,0,0
Tuesday,12.548781,79.905957,14,56,0,0,0,0,0,0,0,0
Tuesday,12.564029,79.913499,14,54,0,0,0,0,0,0,0,0
Tuesday,13.001803,80.198698,14,44,1,0,0,3,2,0,3,1
Tuesday,12.608121,79.921618,14,53,0,0,0,0,0,0,0,0
Tuesday,12.512419,79.886168,14,51,0,0,0,0,0,0,0,0
Tuesday,12.819719,80.036416,14,53,0,0,0,0,0,0,0,0
Tuesday,12.813851,80.032474,14,52,0,0,0,0,0,0,0,0
Tuesday,12.849744,80.064453,14,51,0,0,0,0,0,0,0,0
Tuesday,12.721434,79.981355,13,36,0,0,0,0,0,0,0,0
Tuesday,12.991013,80.180893,13,47,0,0,0,1,0,1,0,1
Tuesday,12.582102,79.918944,13,54,0,0,0,0,0,0,0,0
Tuesday,12.857703,80.070357,13,52,0,0,0,0,0,0,0,0
Tuesday,12.742892,79.992339,13,47,0,0,0,0,0,0,0,0
Tuesday,12.747943,79.996314,13,55,0,0,0,0,0,0,0,0
Tuesday,12.765771,80.005256,13,52,0,0,0,0,0,0,0,0
Tuesday,12.93512,80.126282,13,51,0,0,0,0,0,3,0,0
Tuesday,12.642231,79.937607,12,56,0,0,0,0,0,0,0,0
Tuesday,12.986215,80.174512,12,52,0,0,0,0,0,0,0,1
Tuesday,12.554207,79.908056,12,57,0,0,0,0,0,0,0,0
Tuesday,13.009155,80.22847,12,52,4,1,1,2,0,0,1,0
Tuesday,12.568882,79.9154,12,55,0,0,0,0,0,0,0,0
Tuesday,12.588146,79.919302,12,55,0,0,0,0,0,0,0,0
Tuesday,12.57389,79.916551,12,54,0,0,0,0,0,0,0,0
Tuesday,12.636777,79.934208,11,53,0,0,0,0,0,0,0,0
Tuesday,12.939132,80.129807,11,48,0,0,1,1,0,4,0,1
Tuesday,12.757414,80.002583,11,48,0,0,0,0,0,0,0,0
Tuesday,12.998141,80.08794,11,56,0,0,0,0,0,1,0,0
Tuesday,12.63021,79.931083,11,44,0,0,0,0,0,0,0,0
Tuesday,12.770078,80.007306,10,55,0,0,0,0,0,0,0,0
Tuesday,13.022184,80.092976,10,48,0,0,0,0,0,0,0,0
Tuesday,12.962387,80.146364,10,52,0,1,0,1,0,1,0,0
Tuesday,12.559331,79.9109,10,54,0,0,0,0,0,0,0,0
Tuesday,12.657192,79.956861,10,53,0,0,0,0,0,0,0,0
Tuesday,12.79365,80.019286,10,52,0,0,0,0,0,0,0,0
Tuesday,12.8995,80.070382,10,57,0,0,0,0,0,0,0,0
Tuesday,12.660636,79.96099,10,52,0,0,0,0,0,0,0,0
Tuesday,12.839423,80.055102,10,52,0,0,0,0,0,0,0,0
Tuesday,12.972698,80.152118,10,58,0,1,0,0,0,1,0,2
Tuesday,12.999476,80.193532,9,46,1,1,0,0,1,1,2,1
Tuesday,12.66668,79.971163,9,53,0,0,0,0,0,0,0,0
Tuesday,13.006771,80.20337,9,54,1,0,0,3,2,3,1,2
Tuesday,12.707189,79.976336,9,52,0,0,0,0,0,0,0,0
Tuesday,12.931581,80.1229,9,58,0,0,0,1,0,7,0,0
Tuesday,12.904786,80.094901,9,49,0,0,0,0,0,1,0,1
Tuesday,12.702891,79.971148,9,46,0,0,0,0,0,0,0,0
Tuesday,12.696982,79.966942,9,48,0,0,0,0,0,0,0,0
Tuesday,12.782248,80.01278,9,56,0,0,0,0,0,0,0,0
Tuesday,12.715117,79.980372,8,55,0,0,0,0,0,0,0,0
Tuesday,12.95187,80.140547,8,42,0,1,0,0,0,1,1,0
Tuesday,13.014502,80.223902,7,45,2,1,2,2,1,3,4,0
Tuesday,12.928713,80.079696,7,45,0,0,0,0,0,0,0,0
Tuesday,12.656314,79.95022,7,55,0,0,0,0,0,0,0,0
Tuesday,12.692229,79.964107,7,57,0,0,0,0,0,0,0,0
Tuesday,12.887564,80.07493,7,58,0,0,0,0,0,1,0,0
Tuesday,12.916118,80.075188,7,57,0,0,0,0,0,0,0,1
Tuesday,13.010152,80.215529,6,47,1,1,0,1,0,6,2,1
Tuesday,12.789538,80.016738,6,56,0,0,0,0,0,0,0,0
Tuesday,12.667525,79.958752,6,54,0,0,0,0,0,0,0,0
Tuesday,12.956322,80.090282,6,50,0,0,0,0,0,0,0,0
Tuesday,12.906147,80.072385,6,57,0,0,0,0,0,0,0,0
Tuesday,13.01669,80.09463,6,58,0,0,0,0,0,0,0,0
Tuesday,12.495046,79.87119,5,43,0,0,0,0,0,0,0,0
Tuesday,13.006052,80.090569,5,57,0,0,0,0,0,0,0,0
Tuesday,13.006509,80.255116,5,28,1,1,6,3,0,1,0,2
Tuesday,13.007754,80.235554,5,51,2,0,1,0,0,0,1,4
Tuesday,12.777608,80.01072,5,56,0,0,0,0,0,0,0,0
Tuesday,12.501941,79.876681,5,51,0,0,0,0,0,0,0,0
Tuesday,12.50558,79.879758,5,53,0,0,0,0,0,0,0,0
Tuesday,12.662756,79.967724,5,36,0,0,0,0,0,0,0,0
Tuesday,12.866565,80.075072,5,58,0,0,0,0,0,1,0,0
Tuesday,12.980966,80.089584,4,58,0,0,0,0,0,0,0,0
Tuesday,13.027547,80.090943,4,34,0,0,0,0,0,0,0,0
Tuesday,12.842965,80.058889,4,51,0,0,0,0,0,0,0,0
Tuesday,12.673276,79.95854,4,53,0,0,0,0,0,0,0,0
Tuesday,12.940834,80.084221,3,58,0,0,0,0,0,0,0,0
Tuesday,12.893199,80.070793,3,56,0,0,0,0,0,0,0,0
Tuesday,12.688339,79.959998,3,54,0,0,0,0,0,0,0,0
Tuesday,13.022158,80.226331,3,50,2,0,1,2,1,4,7,2
Tuesday,13.008924,80.259069,3,33,2,1,5,1,0,1,1,2
Tuesday,12.957068,80.143538,3,53,0,1,0,1,0,1,0,0
Tuesday,13.011383,80.092586,3,56,0,0,0,0,0,0,0,0
Tuesday,12.920984,80.077067,3,59,0,0,0,0,0,0,0,1
Tuesday,12.945704,80.085615,3,57,0,0,0,0,0,0,0,0
Tuesday,13.064593,80.265957,2,58,3,22,8,6,4,5,9,1
Tuesday,12.917552,80.194588,2,24,0,0,2,1,0,0,0,0
Tuesday,13.038404,80.087007,2,56,0,0,0,0,0,0,0,0
Tuesday,13.055061,80.120356,2,26,0,0,0,0,0,0,0,0
Tuesday,12.969159,80.090167,2,58,0,0,0,0,0,0,0,0
Tuesday,12.470143,79.853145,2,56,0,0,0,0,0,0,0,0
Tuesday,13.044281,80.247832,2,46,6,13,4,3,0,8,8,3
Tuesday,12.948664,80.203462,2,54,0,0,0,1,0,0,0,0
Tuesday,12.919134,80.173724,2,52,0,0,1,0,0,1,0,1
Tuesday,12.923528,80.158415,2,42,0,0,2,0,0,0,0,0
Tuesday,12.681593,79.958405,2,55,0,0,0,0,0,0,0,0
Tuesday,12.94858,80.19675,1,52,0,0,0,1,0,0,1,0
Tuesday,12.922465,80.163032,1,44,0,0,2,0,0,1,0,0
Tuesday,12.923203,80.122874,1,15,1,0,0,4,0,4,0,0
Tuesday,13.013585,80.259148,1,56,2,1,3,1,0,0,3,3
Tuesday,13.025702,80.230426,1,45,4,0,0,0,1,4,6,1
Tuesday,12.47511,79.857391,1,58,0,0,0,0,0,0,0,0
Tuesday,12.48542,79.863688,1,50,0,0,0,0,0,0,0,0
Tuesday,13.006802,80.24716,1,48,3,0,3,1,0,0,1,5
Tuesday,13.059128,80.259212,1,46,9,14,7,7,2,5,3,2
Tuesday,13.053364,80.252283,1,43,10,10,8,9,1,9,7,3
Tuesday,13.032147,80.241899,1,43,8,7,2,6,0,3,2,3
Tuesday,12.918479,80.188424,1,0,0,0,1,1,0,0,0,0
Wednesday,12.891208,80.085149,46,53,0,0,0,0,0,0,0,0
Wednesday,12.886797,80.083177,37,50,0,0,0,0,0,1,0,1
Wednesday,12.921941,80.113044,29,50,1,0,0,6,0,3,0,0
Wednesday,12.979417,80.162126,28,54,0,0,0,0,0,0,0,4
Wednesday,12.976573,80.157731,25,55,0,0,0,0,0,0,0,3
Wednesday,12.89505,80.087821,25,53,0,0,0,0,0,0,0,0
Wednesday,12.946128,80.136198,24,50,0,1,1,2,0,2,1,0
Wednesday,12.827318,80.042404,23,54,0,0,0,0,0,0,0,0
Wednesday,12.611777,79.923808,22,56,0,0,0,0,0,0,0,0
Wednesday,12.870488,80.076635,21,48,0,0,0,0,0,1,0,0
Wednesday,12.981453,80.166876,20,54,0,0,0,0,0,0,0,1
Wednesday,12.822942,80.038928,19,52,0,0,0,0,0,0,0,0
Wednesday,12.516883,79.887983,19,49,0,0,0,0,0,0,0,0
Wednesday,12.616414,79.926094,19,58,0,0,0,0,0,0,0,0
Wednesday,12.875727,80.078974,19,49,0,0,0,0,0,2,0,1
Wednesday,12.830615,80.045825,19,53,0,0,0,0,0,0,0,0
Wednesday,12.942188,80.132876,19,55,0,0,1,2,0,4,0,1
Wednesday,12.918861,80.109559,19,47,0,0,0,3,0,0,0,0
Wednesday,12.74916,79.997084,18,57,0,0,0,0,0,0,0,0
Wednesday,12.971823,80.15127,18,56,0,1,0,0,0,1,0,0
Wednesday,12.80335,80.025484,18,56,0,0,0,0,0,0,0,0
Wednesday,12.709089,79.977492,18,55,0,0,0,0,0,0,0,0
Wednesday,12.60793,79.921399,18,54,0,0,0,0,0,0,0,0
Wednesday,12.88204,80.080968,18,42,0,0,0,0,0,2,0,1
Wednesday,13.00511,80.201634,17,47,1,0,0,3,2,0,3,1
Wednesday,12.915664,80.103135,16,48,0,0,0,0,0,0,0,0
Wednesday,12.852359,80.066607,16,52,0,0,0,0,0,0,0,0
Wednesday,12.899835,80.070503,16,56,0,0,0,0,0,0,0,0
Wednesday,12.528537,79.898806,16,47,0,0,0,0,0,0,0,0
Wednesday,12.925715,80.116892,15,39,1,0,0,6,0,4,0,0
Wednesday,12.966012,80.148506,15,52,0,1,0,1,0,1,0,0
Wednesday,12.864328,80.07445,15,46,0,0,0,0,0,0,0,0
Wednesday,12.753059,80.000121,14,54,0,0,0,0,0,0,0,0
Wednesday,12.705469,79.97456,14,57,0,0,0,0,0,0,0,0
Wednesday,12.745215,79.993895,14,50,0,0,0,0,0,0,0,0
Wednesday,12.807471,80.028184,14,56,0,0,0,0,0,0,0,0
Wednesday,12.837355,80.052884,14,53,0,0,0,0,0,0,0,0
Wednesday,12.535407,79.901978,14,51,0,0,0,0,0,0,0,0
Wednesday,12.647374,79.940429,13,55,0,0,0,0,0,0,0,0
Wednesday,12.627927,79.930309,13,54,0,0,0,0,0,0,0,0
Wednesday,12.856854,80.069734,13,49,0,0,0,0,0,0,0,0
Wednesday,12.602894,79.920154,13,55,0,0,0,0,0,0,0,0
Wednesday,12.622224,79.927889,13,57,0,0,0,0,0,0,0,0
Wednesday,12.736217,79.986907,13,56,0,0,0,0,0,0,0,0
Wednesday,12.541036,79.904535,13,45,0,0,0,0,0,0,0,0
Wednesday,12.781964,80.012667,13,57,0,0,0,0,0,0,0,0
Wednesday,12.713492,79.979917,13,53,0,0,0,0,0,0,0,0
Wednesday,12.818145,80.035529,12,49,0,0,0,0,0,0,0,0
Wednesday,12.658153,79.95926,12,54,0,0,0,0,0,0,0,0
Wednesday,12.546179,79.905313,12,43,0,0,0,0,0,0,0,0
Wednesday,12.904787,80.07153,12,56,0,0,0,0,0,0,0,0
Wednesday,12.767484,80.00604,12,52,0,0,0,0,0,0,0,0
Wednesday,12.740737,79.990483,12,47,0,0,0,0,0,0,0,0
Wednesday,13.001911,80.197958,12,49,1,0,0,3,2,0,3,1
Wednesday,12.657619,79.945796,11,45,0,0,0,0,0,0,0,0
Wednesday,13.007598,80.206207,11,46,0,0,0,2,1,6,2,2
Wednesday,12.903316,80.093933,11,50,0,0,0,0,0,1,0,1
Wednesday,12.960787,80.145678,11,47,0,1,0,1,0,0,0,0
Wednesday,12.812447,80.031572,11,55,0,0,0,0,0,0,0,0
Wednesday,12.656314,79.951265,11,46,0,0,0,0,0,0,0,0
Wednesday,12.725527,79.9822,11,44,0,0,0,0,0,0,0,0
Wednesday,12.653916,79.942239,11,55,0,0,0,0,0,0,0,0
Wednesday,13.010352,80.215922,11,49,1,1,0,1,0,6,2,1
Wednesday,12.797784,80.022085,11,54,0,0,0,0,0,0,0,0
Wednesday,12.943832,80.084967,11,56,0,0,0,0,0,0,0,0
Wednesday,12.598215,79.919758,10,58,0,0,0,0,0,0,0,0
Wednesday,12.984033,80.170984,10,54,0,0,0,0,0,0,0,2
Wednesday,12.834127,80.049587,10,57,0,0,0,0,0,0,0,0
Wednesday,12.950731,80.13968,10,46,0,1,1,1,0,2,1,0
Wednesday,12.503297,79.877903,10,48,0,0,0,0,0,0,0,0
Wednesday,12.572873,79.916322,10,58,0,0,0,0,0,0,0,0
Wednesday,12.550707,79.906321,10,56,0,0,0,0,0,0,0,0
Wednesday,12.633258,79.932462,10,53,0,0,0,0,0,0,0,0
Wednesday,12.519849,79.893262,10,48,0,0,0,0,0,0,0,0
Wednesday,12.524034,79.896632,10,56,0,0,0,0,0,0,0,0
Wednesday,12.558008,79.910184,10,55,0,0,0,0,0,0,0,0
Wednesday,12.513273,79.884043,9,47,0,0,0,0,0,0,0,0
Wednesday,12.732196,79.98292,9,55,0,0,0,0,0,0,0,0
Wednesday,12.757106,80.002442,9,45,0,0,0,0,0,0,0,0
Wednesday,12.563206,79.91303,9,57,0,0,0,0,0,0,0,0
Wednesday,12.992264,80.182428,9,43,0,1,0,1,0,1,0,1
Wednesday,12.790001,80.017028,9,56,0,0,0,0,0,0,0,0
Wednesday,12.701326,79.969416,8,56,0,0,0,0,0,0,0,0
Wednesday,12.637539,79.934687,8,56,0,0,0,0,0,0,0,0
Wednesday,12.578793,79.917837,8,58,0,0,0,0,0,0,0,0
Wednesday,12.937703,80.128431,8,55,0,0,0,1,0,3,0,1
Wednesday,12.591618,79.919193,8,57,0,0,0,0,0,0,0,0
Wednesday,12.718144,79.980982,8,51,0,0,0,0,0,0,0,0
Wednesday,12.886351,80.077697,8,50,0,0,0,0,0,1,0,1
Wednesday,12.775982,80.010045,7,57,0,0,0,0,0,0,0,0
Wednesday,12.987249,80.175817,7,36,0,0,0,0,0,0,0,1
Wednesday,12.999374,80.193406,7,53,1,1,0,0,1,1,2,1
Wednesday,13.009064,80.228871,7,53,4,1,1,2,0,0,1,0
Wednesday,12.66477,79.968914,7,49,0,0,0,0,0,0,0,0
Wednesday,12.695794,79.966271,7,57,0,0,0,0,0,0,0,0
Wednesday,12.584327,79.919228,7,57,0,0,0,0,0,0,0,0
Wednesday,12.497942,79.873611,7,48,0,0,0,0,0,0,0,0
Wednesday,12.841731,80.057609,7,49,0,0,0,0,0,0,0,0
Wednesday,12.50793,79.881386,6,40,0,0,0,0,0,0,0,0
Wednesday,13.011948,80.220341,6,49,2,1,1,2,0,4,3,0
Wednesday,12.660624,79.965765,6,48,0,0,0,0,0,0,0,0
Wednesday,12.932406,80.123661,6,47,0,0,0,1,0,5,0,0
Wednesday,12.950664,80.087538,6,56,0,0,0,0,0,0,0,0
Wednesday,12.877697,80.084156,6,34,0,0,0,0,0,2,0,1
Wednesday,12.668296,79.958761,5,55,0,0,0,0,0,0,0,0
Wednesday,12.91892,80.076137,5,55,0,0,0,0,0,0,0,1
Wednesday,12.924206,80.077729,5,52,0,0,0,0,0,0,0,0
Wednesday,12.955171,80.089269,5,57,0,0,0,0,0,0,0,0
Wednesday,12.685822,79.959341,5,55,0,0,0,0,0,0,0,0
Wednesday,13.013218,80.226696,5,51,3,1,1,2,1,2,3,0
Wednesday,12.690009,79.961286,4,54,0,0,0,0,0,0,0,0
Wednesday,13.024305,80.228471,4,53,2,0,1,0,1,3,7,1
Wednesday,12.955655,80.142948,4,44,0,1,0,1,0,1,0,0
Wednesday,12.899237,80.09092,4,52,0,0,0,0,0,1,0,1
Wednesday,12.919823,80.171199,4,47,0,0,1,0,0,1,0,1
Wednesday,12.894828,80.070762,4,57,0,0,0,0,0,0,0,0
Wednesday,13.007961,80.234609,4,56,2,0,1,1,0,0,0,3
Wednesday,12.94858,80.201771,3,55,0,0,0,1,0,0,0,0
Wednesday,12.997539,80.087449,3,55,0,0,0,0,0,1,0,0
Wednesday,12.953223,80.164739,3,47,0,1,0,0,0,0,0,0
Wednesday,12.995355,80.188098,3,37,0,2,0,0,0,1,0,0
Wednesday,13.010733,80.09241,3,56,0,0,0,0,0,0,0,0
Wednesday,12.678825,79.958401,3,57,0,0,0,0,0,0,0,0
Wednesday,12.991186,80.088702,3,54,0,0,0,0,0,0,0,0
Wednesday,13.048773,80.085651,3,37,0,0,0,0,0,0,0,0
Wednesday,12.888186,80.072965,3,53,0,0,0,0,0,0,0,0
Wednesday,12.845798,80.061731,3,57,0,0,0,0,0,0,0,0
Wednesday,12.914485,80.075038,3,57,0,0,0,0,0,0,0,1
Wednesday,13.06409,80.265338,2,34,3,22,7,4,4,5,8,2
Wednesday,12.923105,80.123202,2,30,1,0,0,3,0,4,0,0
Wednesday,13.018776,80.094307,2,52,0,0,0,0,0,0,0,0
Wednesday,12.981218,80.089567,2,58,0,0,0,0,0,0,0,0
Wednesday,12.972449,80.089776,2,58,0,0,0,0,0,0,0,0
Wednesday,13.003827,80.090124,2,58,0,0,0,0,0,0,0,0
Wednesday,13.010581,80.259095,2,47,2,1,5,1,0,0,1,2
Wednesday,13.026604,80.23312,2,50,9,0,0,0,0,4,3,0
Wednesday,12.444381,79.837717,2,52,0,0,0,0,0,0,0,0
Wednesday,12.951457,80.114937,2,58,0,0,0,0,0,0,0,0
Wednesday,12.954641,80.15832,2,46,0,0,0,1,0,0,0,0
Wednesday,13.003865,80.127132,2,58,0,0,0,0,0,0,0,0
Wednesday,12.980213,80.120703,2,56,1,0,0,0,0,0,0,0
Wednesday,12.697172,79.972959,2,20,0,0,0,0,0,0,0,0
Wednesday,12.924034,80.100512,2,58,0,0,0,0,0,0,0,0
Wednesday,12.439111,79.835376,1,46,0,0,0,0,0,0,0,0
Wednesday,12.970598,80.218793,1,48,0,0,1,2,0,3,3,0
Wednesday,13.057194,80.103909,1,59,0,0,0,0,0,0,0,0
Wednesday,13.041406,80.086149,1,54,0,0,0,0,0,0,0,0
Wednesday,13.036834,80.087544,1,50,0,0,0,0,0,0,0,0
Wednesday,13.027979,80.090813,1,59,0,0,0,0,0,0,0,0
Wednesday,12.486078,79.864186,1,57,0,0,0,0,0,0,0,0
Wednesday,13.073444,80.161135,1,57,1,0,0,0,0,0,0,0
Wednesday,12.872508,80.0956,1,53,0,0,0,0,0,0,0,0
Wednesday,12.949127,80.183871,1,54,0,0,0,1,0,0,1,0
Wednesday,13.063462,80.075991,1,44,0,0,0,0,0,0,0,0
Wednesday,13.084988,80.207573,1,56,6,0,4,3,0,1,2,1
Wednesday,12.933344,80.099412,1,58,0,0,0,0,0,0,0,0
Wednesday,12.672862,79.976434,1,48,0,0,0,0,0,0,0,0
Wednesday,12.93394,80.081321,1,52,0,0,0,0,0,0,0,0
Wednesday,12.917183,80.193214,1,47,0,0,1,1,0,0,0,0
Thursday,12.921629,80.112692,44,52,1,0,0,5,0,3,0,0
Thursday,12.890036,80.084496,35,55,0,0,0,0,0,0,0,0
Thursday,12.980453,80.16463,29,54,0,0,0,0,0,0,0,2
Thursday,12.945853,80.135934,29,50,0,0,1,2,0,2,1,0
Thursday,12.917891,80.108492,28,53,0,0,0,2,0,0,0,0
Thursday,12.977949,80.159875,26,53,0,0,0,0,0,0,0,3
Thursday,12.924853,80.115908,24,51,1,0,0,6,0,4,0,0
Thursday,12.707987,79.976811,23,51,0,0,0,0,0,0,0,0
Thursday,12.983068,80.169472,23,54,0,0,0,0,0,0,0,2
Thursday,12.885058,80.0826,22,53,0,0,0,0,0,1,0,1
Thursday,12.874532,80.078458,21,39,0,0,0,0,0,2,0,1
Thursday,12.94186,80.132479,21,51,0,0,1,2,0,4,0,1
Thursday,12.754782,80.000998,19,54,0,0,0,0,0,0,0,0
Thursday,12.813812,80.032471,19,54,0,0,0,0,0,0,0,0
Thursday,12.975072,80.155631,18,53,0,0,0,0,0,1,0,3
Thursday,12.89388,80.086916,18,53,0,0,0,0,0,0,0,0
Thursday,12.831533,80.04657,17,52,0,0,0,0,0,0,0,0
Thursday,12.85287,80.066714,16,54,0,0,0,0,0,0,0,0
Thursday,12.727573,79.982541,16,41,0,0,0,0,0,0,0,0
Thursday,12.577803,79.917357,16,57,0,0,0,0,0,0,0,0
Thursday,12.996294,80.189649,16,47,0,2,0,0,0,1,1,0
Thursday,12.527169,79.8981,15,44,0,0,0,0,0,0,0,0
Thursday,12.617487,79.926547,15,57,0,0,0,0,0,0,0,0
Thursday,12.818983,80.036111,15,49,0,0,0,0,0,0,0,0
Thursday,12.516002,79.88819,15,54,0,0,0,0,0,0,0,0
Thursday,12.965749,80.148309,15,49,0,1,0,1,0,1,0,0
Thursday,12.825802,80.040883,15,55,0,0,0,0,0,0,0,0
Thursday,12.802102,80.024704,15,57,0,0,0,0,0,0,0,0
Thursday,12.91469,80.102932,14,53,0,0,0,0,0,0,0,0
Thursday,12.583422,79.919265,14,57,0,0,0,0,0,0,0,0
Thursday,12.566794,79.914866,14,57,0,0,0,0,0,0,0,0
Thursday,12.767246,80.005771,14,54,0,0,0,0,0,0,0,0
Thursday,12.714479,79.980194,14,54,0,0,0,0,0,0,0,0
Thursday,13.000952,80.195485,14,46,1,1,0,0,2,0,2,1
Thursday,12.647701,79.94048,14,54,0,0,0,0,0,0,0,0
Thursday,12.61065,79.922952,14,56,0,0,0,0,0,0,0,0
Thursday,12.73279,79.983126,14,56,0,0,0,0,0,0,0,0
Thursday,12.549448,79.905954,14,56,0,0,0,0,0,0,0,0
Thursday,12.532444,79.900818,14,45,0,0,0,0,0,0,0,0
Thursday,12.541942,79.9047,13,50,0,0,0,0,0,0,0,0
Thursday,12.836473,80.051979,13,53,0,0,0,0,0,0,0,0
Thursday,12.856816,80.069662,13,52,0,0,0,0,0,0,0,0
Thursday,12.520095,79.893728,13,52,0,0,0,0,0,0,0,0
Thursday,12.623594,79.928463,13,57,0,0,0,0,0,0,0,0
Thursday,12.721721,79.981439,13,39,0,0,0,0,0,0,0,0
Thursday,13.012051,80.227104,13,50,3,1,1,2,0,0,3,0
Thursday,12.553927,79.907749,12,57,0,0,0,0,0,0,0,0
Thursday,12.807169,80.027999,12,56,0,0,0,0,0,0,0,0
Thursday,12.880265,80.080372,12,45,0,0,0,0,0,2,0,1
Thursday,13.06374,80.250854,12,0,7,14,6,8,1,8,1,3
Thursday,12.950705,80.139634,12,48,0,1,1,1,0,2,1,0
Thursday,12.572194,79.916348,12,57,0,0,0,0,0,0,0,0
Thursday,12.703172,79.97126,12,42,0,0,0,0,0,0,0,0
Thursday,12.972369,80.151738,12,55,0,1,0,0,0,1,0,1
Thursday,12.605194,79.920712,11,55,0,0,0,0,0,0,0,0
Thursday,12.781202,80.012292,11,57,0,0,0,0,0,0,0,0
Thursday,13.009151,80.212325,10,44,0,0,0,2,0,6,2,1
Thursday,12.73792,79.988146,10,54,0,0,0,0,0,0,0,0
Thursday,12.994017,80.185349,10,38,0,2,0,1,0,1,0,0
Thursday,12.657314,79.957617,10,49,0,0,0,0,0,0,0,0
Thursday,12.742026,79.991522,10,48,0,0,0,0,0,0,0,0
Thursday,12.590603,79.919237,10,57,0,0,0,0,0,0,0,0
Thursday,12.938591,80.129181,10,48,0,0,1,1,0,3,0,1
Thursday,12.628316,79.930521,10,50,0,0,0,0,0,0,0,0
Thursday,12.510556,79.88283,9,52,0,0,0,0,0,0,0,0
Thursday,12.562129,79.91256,9,57,0,0,0,0,0,0,0,0
Thursday,12.749614,79.997725,9,58,0,0,0,0,0,0,0,0
Thursday,12.793549,80.019208,9,54,0,0,0,0,0,0,0,0
Thursday,12.653874,79.940048,9,53,0,0,0,0,0,0,0,0
Thursday,12.867732,80.075765,9,46,0,0,0,0,0,1,0,0
Thursday,12.761565,80.003746,8,50,0,0,0,0,0,0,0,0
Thursday,12.999005,80.087864,8,56,0,0,0,0,0,1,0,0
Thursday,12.874238,80.090879,8,56,0,0,0,0,0,0,0,0
Thursday,12.65794,79.944369,8,48,0,0,0,0,0,0,0,0
Thursday,13.007605,80.205255,7,48,0,0,0,2,1,6,2,2
Thursday,12.934909,80.126066,7,52,0,0,0,0,0,4,0,0
Thursday,12.904421,80.094657,7,51,0,0,0,0,0,1,0,1
Thursday,13.00825,80.233009,7,53,3,1,1,1,0,0,0,3
Thursday,12.840604,80.056408,7,49,0,0,0,0,0,0,0,0
Thursday,12.849103,80.064011,7,54,0,0,0,0,0,0,0,0
Thursday,12.87723,80.085508,7,8,0,0,0,0,0,2,0,1
Thursday,12.634803,79.933143,7,49,0,0,0,0,0,0,0,0
Thursday,12.598522,79.919676,7,57,0,0,0,0,0,0,0,0
Thursday,12.655912,79.952811,7,54,0,0,0,0,0,0,0,0
Thursday,13.002172,80.200422,6,48,1,0,0,4,2,0,3,1
Thursday,12.898187,80.090119,6,53,0,0,0,0,0,0,0,1
Thursday,12.94915,80.187072,6,47,0,0,0,1,0,0,1,0
Thursday,12.863313,80.1255,6,54,0,0,0,0,0,0,0,0
Thursday,12.696827,79.966722,6,32,0,0,0,0,0,0,0,0
Thursday,12.787266,80.015373,6,56,0,0,0,0,0,0,0,0
Thursday,13.023262,80.227293,6,51,1,0,1,0,1,4,7,2
Thursday,13.047476,80.248837,5,39,5,14,5,3,0,10,9,2
Thursday,12.861522,80.12989,5,47,0,0,0,0,0,0,0,0
Thursday,12.948686,80.192403,5,52,0,0,0,1,0,0,1,0
Thursday,12.493228,79.869536,5,55,0,0,0,0,0,0,0,0
Thursday,12.990621,80.180224,5,41,0,0,0,1,0,1,0,1
Thursday,12.872102,80.097416,5,46,0,0,0,0,0,0,0,0
Thursday,12.95868,80.144564,5,46,0,2,0,1,0,1,0,0
Thursday,12.687689,79.95974,5,54,0,0,0,0,0,0,0,0
Thursday,13.011692,80.219054,5,42,2,1,1,1,0,7,2,1
Thursday,12.88645,80.077169,5,54,0,0,0,0,0,1,0,1
Thursday,12.642706,79.937874,5,58,0,0,0,0,0,0,0,0
Thursday,12.660604,79.960994,5,44,0,0,0,0,0,0,0,0
Thursday,12.691985,79.964027,5,52,0,0,0,0,0,0,0,0
Thursday,13.011027,80.092423,5,57,0,0,0,0,0,0,0,0
Thursday,12.897365,80.07067,4,54,0,0,0,0,0,0,0,0
Thursday,12.956585,80.152059,4,50,0,0,0,2,0,0,0,0
Thursday,13.003109,80.089807,4,56,0,0,0,0,0,1,0,0
Thursday,12.910268,80.100884,4,49,0,0,0,0,0,1,0,0
Thursday,12.488916,79.866009,4,52,0,0,0,0,0,0,0,0
Thursday,12.911922,80.074244,4,53,0,0,0,0,0,0,0,1
Thursday,12.669364,79.958557,4,54,0,0,0,0,0,0,0,0
Thursday,12.92985,80.079781,4,19,0,0,0,0,0,0,0,0
Thursday,12.775688,80.009706,4,57,0,0,0,0,0,0,0,0
Thursday,12.663621,79.968193,4,45,0,0,0,0,0,0,0,0
Thursday,12.918982,80.174113,3,42,0,0,1,0,0,1,0,1
Thursday,12.98601,80.089269,3,54,0,0,0,0,0,0,0,0
Thursday,12.94862,80.199463,3,51,0,0,0,0,0,0,1,0
Thursday,12.930562,80.121827,3,55,1,0,0,3,0,5,0,0
Thursday,12.916834,80.075841,3,58,0,0,0,0,0,0,0,1
Thursday,13.041553,80.247452,3,49,8,15,4,6,0,7,6,2
Thursday,12.681088,79.958371,3,59,0,0,0,0,0,0,0,0
Thursday,12.471921,79.854645,3,57,0,0,0,0,0,0,0,0
Thursday,12.865595,80.119255,3,54,0,0,0,0,0,0,0,0
Thursday,12.870744,80.105814,3,34,0,0,0,0,0,0,0,0
Thursday,12.888818,80.072656,3,56,0,0,0,0,0,0,0,0
Thursday,12.965329,80.089936,3,58,0,0,0,0,0,0,0,0
Thursday,12.448854,79.839123,3,56,0,0,0,0,0,0,0,0
Thursday,13.040047,80.086552,2,58,0,0,0,0,0,0,0,0
Thursday,12.794327,80.209139,2,53,0,0,0,0,0,0,0,0
Thursday,12.869778,80.22655,2,39,2,2,0,0,0,0,0,0
Thursday,12.955067,80.156521,2,52,0,0,0,1,0,0,0,0
Thursday,12.442142,79.83678,2,44,0,0,0,0,0,0,0,0
Thursday,13.056707,80.09813,2,53,0,0,0,0,0,1,0,0
Thursday,13.062426,80.26327,2,54,3,19,5,6,3,5,5,1
Thursday,12.461318,79.846774,2,54,0,0,0,0,0,0,0,0
Thursday,13.034954,80.245667,2,42,7,10,3,9,0,7,2,2
Thursday,12.981286,80.089876,2,53,0,0,0,0,0,0,0,0
Thursday,12.504265,79.878723,2,56,0,0,0,0,0,0,0,0
Thursday,12.670089,79.975392,2,56,0,0,0,0,0,0,0,0
Thursday,13.00791,80.258824,2,28,0,1,5,1,0,1,1,2
Thursday,13.053514,80.252642,1,53,10,10,8,8,1,9,5,3
Thursday,12.817112,80.22969,1,52,0,0,0,0,0,0,0,0
Thursday,12.82701,80.231265,1,40,0,2,0,0,0,0,0,0
Thursday,12.915734,80.250512,1,51,0,0,0,0,0,0,0,9
Thursday,12.953563,80.163786,1,55,0,0,0,0,0,0,0,0
Thursday,12.951011,80.088035,1,55,0,0,0,0,0,0,0,0
Thursday,12.942055,80.084283,1,57,0,0,0,0,0,0,0,0
Thursday,13.006762,80.251736,1,0,3,1,4,2,0,1,0,2
Thursday,12.957918,80.090512,1,59,0,0,0,0,0,0,0,0
Thursday,12.972518,80.090064,1,57,0,0,0,0,0,0,0,0
Thursday,12.79887,80.198944,1,59,0,0,0,0,0,0,0,0
Friday,12.922139,80.113357,35,48,1,0,0,6,0,4,0,0
Friday,12.98072,80.165562,34,53,0,0,0,0,0,0,0,1
Friday,12.89187,80.08548,29,54,0,0,0,0,0,0,0,0
Friday,12.978086,80.159999,28,50,0,0,0,0,0,0,0,3
Friday,12.822595,80.038647,26,53,0,0,0,0,0,0,0,0
Friday,12.917744,80.108138,26,53,0,0,0,2,0,0,0,0
Friday,12.515805,79.887441,26,56,0,0,0,0,0,0,0,0
Friday,12.983586,80.170407,23,55,0,0,0,0,0,0,0,2
Friday,12.827129,80.041898,21,56,0,0,0,0,0,0,0,0
Friday,12.887272,80.083382,20,52,0,0,0,0,0,1,0,1
Friday,12.751631,79.999174,19,56,0,0,0,0,0,0,0,0
Friday,12.974548,80.155021,19,53,0,0,0,0,0,1,0,3
Friday,12.518998,79.892444,18,57,0,0,0,0,0,0,0,0
Friday,12.85308,80.067104,18,47,0,0,0,0,0,0,0,0
Friday,12.767482,80.00588,18,53,0,0,0,0,0,0,0,0
Friday,12.757266,80.00251,18,40,0,0,0,0,0,0,0,0
Friday,12.830499,80.045706,17,54,0,0,0,0,0,0,0,0
Friday,12.833837,80.049219,17,54,0,0,0,0,0,0,0,0
Friday,12.53329,79.90106,17,48,0,0,0,0,0,0,0,0
Friday,12.736567,79.987201,17,56,0,0,0,0,0,0,0,0
Friday,12.543479,79.904959,17,50,0,0,0,0,0,0,0,0
Friday,12.579002,79.917935,17,57,0,0,0,0,0,0,0,0
Friday,12.946381,80.136362,16,52,0,1,1,2,0,2,1,0
Friday,12.875462,80.078864,16,53,0,0,0,0,0,2,0,1
Friday,12.622024,79.927623,16,57,0,0,0,0,0,0,0,0
Friday,12.966442,80.14863,16,50,0,1,0,1,0,1,0,0
Friday,12.65577,79.941856,16,54,0,0,0,0,0,0,0,0
Friday,12.526082,79.897576,16,56,0,0,0,0,0,0,0,0
Friday,12.771643,80.00808,16,55,0,0,0,0,0,0,0,0
Friday,12.83874,80.054339,15,55,0,0,0,0,0,0,0,0
Friday,12.761914,80.003804,15,35,0,0,0,0,0,0,0,0
Friday,12.915745,80.1038,14,52,0,0,0,0,0,0,0,0
Friday,12.809186,80.029233,14,55,0,0,0,0,0,0,0,0
Friday,12.651096,79.940355,14,53,0,0,0,0,0,0,0,0
Friday,12.548292,79.90574,14,54,0,0,0,0,0,0,0,0
Friday,12.79872,80.022651,14,51,0,0,0,0,0,0,0,0
Friday,13.01044,80.216263,14,49,1,1,0,1,0,6,2,1
Friday,12.588869,79.919434,14,56,0,0,0,0,0,0,0,0
Friday,12.573229,79.916572,14,57,0,0,0,0,0,0,0,0
Friday,12.857425,80.070142,14,50,0,0,0,0,0,0,0,0
Friday,12.747201,79.995493,14,54,0,0,0,0,0,0,0,0
Friday,12.815525,80.033604,14,54,0,0,0,0,0,0,0,0
Friday,12.7043,79.972943,14,56,0,0,0,0,0,0,0,0
Friday,12.712794,79.97978,14,52,0,0,0,0,0,0,0,0
Friday,12.804292,80.026329,13,52,0,0,0,0,0,0,0,0
Friday,12.896034,80.088546,13,53,0,0,0,0,0,0,0,1
Friday,12.718374,79.98093,13,55,0,0,0,0,0,0,0,0
Friday,12.938607,80.129147,13,50,0,0,1,1,0,3,0,1
Friday,12.925884,80.117032,13,39,1,0,0,6,0,4,0,0
Friday,12.707859,79.976588,13,53,0,0,0,0,0,0,0,0
Friday,12.53867,79.90407,13,56,0,0,0,0,0,0,0,0
Friday,12.904122,80.094401,12,50,0,0,0,0,0,1,0,1
Friday,12.793337,80.018934,12,54,0,0,0,0,0,0,0,0
Friday,12.669038,79.974174,12,48,0,0,0,0,0,0,0,0
Friday,12.562478,79.912772,12,57,0,0,0,0,0,0,0,0
Friday,12.616384,79.926059,12,56,0,0,0,0,0,0,0,0
Friday,12.660719,79.965948,12,46,0,0,0,0,0,0,0,0
Friday,12.656412,79.950683,12,46,0,0,0,0,0,0,0,0
Friday,12.606038,79.920784,12,53,0,0,0,0,0,0,0,0
Friday,12.644718,79.939272,11,56,0,0,0,0,0,0,0,0
Friday,12.742915,79.992076,11,45,0,0,0,0,0,0,0,0
Friday,12.500295,79.875373,11,55,0,0,0,0,0,0,0,0
Friday,12.664882,79.968995,11,46,0,0,0,0,0,0,0,0
Friday,12.971547,80.151091,11,55,0,1,0,0,0,1,0,0
Friday,12.934761,80.125964,10,42,0,0,0,0,0,4,0,0
Friday,12.557219,79.90957,10,57,0,0,0,0,0,0,0,0
Friday,12.993584,80.184848,10,48,0,1,0,1,0,1,0,0
Friday,12.730396,79.982706,10,53,0,0,0,0,0,0,0,0
Friday,12.598241,79.919788,10,57,0,0,0,0,0,0,0,0
Friday,12.631942,79.932055,10,50,0,0,0,0,0,0,0,0
Friday,12.610359,79.922965,10,55,0,0,0,0,0,0,0,0
Friday,12.70147,79.969269,9,48,0,0,0,0,0,0,0,0
Friday,12.786747,80.01509,9,57,0,0,0,0,0,0,0,0
Friday,12.723483,79.981927,9,40,0,0,0,0,0,0,0,0
Friday,12.869686,80.076331,9,51,0,0,0,0,0,1,0,0
Friday,13.009103,80.228776,8,48,4,1,1,2,0,0,1,0
Friday,13.004448,80.201236,8,45,1,0,0,2,2,0,2,1
Friday,12.511352,79.8853,8,56,0,0,0,0,0,0,0,0
Friday,13.008264,80.209878,8,46,0,0,0,2,0,6,2,1
Friday,12.960066,80.145309,8,52,0,1,0,1,0,0,0,0
Friday,12.49612,79.872126,8,55,0,0,0,0,0,0,0,0
Friday,12.99015,80.179639,8,55,0,0,0,1,0,1,0,1
Friday,12.656977,79.956187,8,53,0,0,0,0,0,0,0,0
Friday,13.032252,80.242223,8,34,8,7,1,7,0,4,3,3
Friday,12.848079,80.06353,8,36,0,0,0,0,0,0,0,0
Friday,12.862945,80.073904,8,43,0,0,0,0,0,0,0,0
Friday,13.044336,80.247975,7,43,6,15,4,3,0,8,8,3
Friday,13.001024,80.19561,7,48,1,1,0,0,2,0,2,1
Friday,12.986705,80.175199,7,54,0,0,0,0,0,0,0,1
Friday,12.84208,80.057905,7,49,0,0,0,0,0,0,0,0
Friday,12.951907,80.140556,7,36,0,1,0,0,0,1,1,0
Friday,12.782698,80.012958,7,57,0,0,0,0,0,0,0,0
Friday,12.877772,80.083867,6,44,0,0,0,0,0,2,0,1
Friday,12.897283,80.070318,6,58,0,0,0,0,0,0,0,0
Friday,12.505653,79.879632,5,39,0,0,0,0,0,0,0,0
Friday,13.020297,80.225014,5,55,3,0,1,2,1,3,7,2
Friday,12.7765,80.010292,5,57,0,0,0,0,0,0,0,0
Friday,12.903069,80.071194,4,57,0,0,0,0,0,0,0,0
Friday,13.004104,80.089876,4,52,0,0,0,0,0,0,0,0
Friday,12.887527,80.075066,4,57,0,0,0,0,0,1,0,0
Friday,12.997269,80.190858,4,54,0,2,0,0,0,1,2,0
Friday,13.03918,80.149426,3,38,1,0,0,1,0,0,0,1
Friday,12.930224,80.12151,3,29,1,0,0,3,0,5,0,0
Friday,13.051764,80.250428,3,39,10,12,7,8,0,8,7,2
Friday,12.970348,80.090135,3,57,0,0,0,0,0,0,0,0
Friday,13.020932,80.137044,3,58,0,0,0,0,0,0,0,0
Friday,12.955094,80.156162,3,44,0,0,0,1,0,0,0,0
Friday,12.920877,80.183887,3,14,0,0,1,1,0,0,0,0
Friday,13.039637,80.247111,3,44,6,14,3,6,0,7,4,2
Friday,12.675632,79.958641,3,54,0,0,0,0,0,0,0,0
Friday,12.690585,79.962375,3,58,0,0,0,0,0,0,0,0
Friday,13.026653,80.233288,3,53,9,0,0,1,0,4,3,0
Friday,13.056892,80.109571,2,22,0,0,0,0,0,0,0,0
Friday,12.458117,79.84455,2,54,0,0,0,0,0,0,0,0
Friday,12.48128,79.860867,2,54,0,0,0,0,0,0,0,0
Friday,12.908222,80.073054,2,56,0,0,0,0,0,0,0,1
Friday,12.963549,80.090397,2,58,0,0,0,0,0,0,0,0
Friday,12.957267,80.119306,2,58,0,0,0,0,0,0,0,0
Friday,12.951186,80.087768,2,54,0,0,0,0,0,0,0,0
Friday,12.467116,79.850853,2,56,0,0,0,0,0,0,0,0
Friday,12.46232,79.847462,2,58,0,0,0,0,0,0,0,0
Friday,13.008903,80.258998,2,12,2,1,5,1,0,1,1,2
Friday,12.681486,79.958369,2,54,0,0,0,0,0,0,0,0
Friday,12.471584,79.854389,2,56,0,0,0,0,0,0,0,0
Friday,13.012676,80.093195,1,51,0,0,0,0,0,0,0,0
Friday,12.955488,80.21282,1,45,0,0,0,1,0,1,0,0
Friday,12.475127,79.857428,1,56,0,0,0,0,0,0,0,0
Friday,12.953104,80.165278,1,56,0,1,0,0,0,0,0,0
Friday,12.491494,79.867905,1,57,0,0,0,0,0,0,0,0
Friday,13.022643,80.092824,1,31,0,0,0,0,0,0,0,0
Friday,12.937728,80.099761,1,59,0,0,0,0,0,0,0,0
Friday,12.994433,80.087532,1,58,0,0,0,0,0,1,0,0
Friday,12.918928,80.076166,1,58,0,0,0,0,0,0,0,1
Friday,13.007361,80.237533,1,44,3,0,2,0,0,0,1,6
Friday,12.979733,80.227179,1,0,0,0,1,2,1,1,3,0
Friday,12.910024,80.100069,1,56,0,0,0,0,0,1,0,0
Friday,12.665579,79.959749,1,47,0,0,0,0,0,0,0,0
Friday,12.923294,80.121674,1,0,1,0,0,5,0,4,0,0
Saturday,12.900931,80.092263,10,53,0,0,0,0,0,1,0,1
Saturday,12.945178,80.135422,8,38,0,0,1,2,0,2,1,0
Saturday,12.839504,80.055213,8,53,0,0,0,0,0,0,0,0
Saturday,12.88785,80.083545,8,53,0,0,0,0,0,1,0,1
Saturday,12.873879,80.077929,7,55,0,0,0,0,0,2,0,1
Saturday,12.895192,80.087748,7,49,0,0,0,0,0,0,0,0
Saturday,12.517284,79.889706,6,56,0,0,0,0,0,0,0,0
Saturday,12.578898,79.917862,6,55,0,0,0,0,0,0,0,0
Saturday,12.851658,80.066058,6,55,0,0,0,0,0,0,0,0
Saturday,12.939024,80.129713,6,43,0,0,1,1,0,4,0,1
Saturday,12.920424,80.111644,6,49,1,0,0,5,0,2,0,0
Saturday,12.906394,80.096404,5,49,0,0,0,0,0,1,0,1
Saturday,12.507987,79.881472,5,57,0,0,0,0,0,0,0,0
Saturday,12.934452,80.125672,5,40,0,0,0,0,0,4,0,0
Saturday,12.869522,80.076253,5,52,0,0,0,0,0,1,0,0
Saturday,12.830227,80.04545,5,54,0,0,0,0,0,0,0,0
Saturday,12.822928,80.03892,5,54,0,0,0,0,0,0,0,0
Saturday,12.81149,80.030966,4,58,0,0,0,0,0,0,0,0
Saturday,12.521479,79.895111,4,55,0,0,0,0,0,0,0,0
Saturday,12.770429,80.007507,4,54,0,0,0,0,0,0,0,0
Saturday,12.592943,79.919242,4,57,0,0,0,0,0,0,0,0
Saturday,12.878279,80.07993,4,55,0,0,0,0,0,2,0,1
Saturday,12.657524,79.941177,4,49,0,0,0,0,0,0,0,0
Saturday,12.81794,80.035159,4,53,0,0,0,0,0,0,0,0
Saturday,12.967075,80.148987,3,52,0,1,0,1,0,1,0,0
Saturday,12.611469,79.923445,3,56,0,0,0,0,0,0,0,0
Saturday,12.547834,79.90579,3,52,0,0,0,0,0,0,0,0
Saturday,12.655794,79.953295,3,44,0,0,0,0,0,0,0,0
Saturday,12.737998,79.988389,3,58,0,0,0,0,0,0,0,0
Saturday,12.530646,79.899902,3,58,0,0,0,0,0,0,0,0
Saturday,12.573214,79.916554,3,58,0,0,0,0,0,0,0,0
Saturday,12.749049,79.996984,3,56,0,0,0,0,0,0,0,0
Saturday,12.699702,79.968338,3,56,0,0,0,0,0,0,0,0
Saturday,12.993441,80.184407,3,29,0,1,0,1,0,1,0,0
Saturday,13.010122,80.226062,3,51,2,1,1,2,0,0,1,0
Saturday,12.953107,80.165714,3,30,0,1,0,0,0,1,0,0
Saturday,13.048769,80.085685,3,34,0,0,0,0,0,0,0,0
Saturday,12.713442,79.97986,2,56,0,0,0,0,0,0,0,0
Saturday,12.707177,79.976146,2,28,0,0,0,0,0,0,0,0
Saturday,12.657537,79.957791,2,48,0,0,0,0,0,0,0,0
Saturday,12.600282,79.919867,2,56,0,0,0,0,0,0,0,0
Saturday,12.535395,79.902017,2,58,0,0,0,0,0,0,0,0
Saturday,12.647454,79.940611,2,54,0,0,0,0,0,0,0,0
Saturday,12.342393,79.780994,2,52,0,0,0,0,0,0,0,0
Saturday,12.630503,79.931481,2,53,0,0,0,0,0,0,0,0
Saturday,12.684389,79.958925,2,57,0,0,0,0,0,0,0,0
Saturday,12.587473,79.919469,2,57,0,0,0,0,0,0,0,0
Saturday,12.898522,80.070702,2,58,0,0,0,0,0,0,0,0
Saturday,12.663478,79.968183,2,42,0,0,0,0,0,0,0,0
Saturday,12.778407,80.011116,2,58,0,0,0,0,0,0,0,0
Saturday,12.514093,79.884538,2,58,0,0,0,0,0,0,0,0
Saturday,13.007224,80.127274,2,58,0,0,0,0,0,0,0,0
Saturday,12.957394,80.119144,2,58,0,0,0,0,0,0,0,0
Saturday,12.977821,80.159894,2,56,0,0,0,0,0,0,0,3
Saturday,12.990113,80.179804,2,28,0,0,0,1,0,1,0,1
Saturday,12.954473,80.142192,2,40,0,1,0,1,0,1,0,0
Saturday,12.758379,80.002888,2,55,0,0,0,0,0,0,0,0
Saturday,12.553238,79.907635,1,54,0,0,0,0,0,0,0,0
Saturday,12.497605,79.873401,1,56,0,0,0,0,0,0,0,0
Saturday,12.488364,79.865834,1,58,0,0,0,0,0,0,0,0
Saturday,12.481178,79.860783,1,56,0,0,0,0,0,0,0,0
Saturday,12.67851,79.958564,1,55,0,0,0,0,0,0,0,0
Saturday,12.63834,79.935174,1,52,0,0,0,0,0,0,0,0
Saturday,12.540095,79.904343,1,58,0,0,0,0,0,0,0,0
Saturday,12.414343,79.824878,1,57,0,0,0,0,0,0,0,0
Saturday,12.375273,79.782306,1,57,0,0,0,0,0,0,0,0
Saturday,12.983498,80.1702,1,58,0,0,0,0,0,0,0,2
Saturday,12.733739,79.983934,1,58,0,0,0,0,0,0,0,0
Saturday,12.807506,80.028169,1,58,0,0,0,0,0,0,0,0
Saturday,12.76517,80.005039,1,43,0,0,0,0,0,0,0,0
Saturday,12.974574,80.090023,1,59,0,0,0,0,0,0,0,0
Saturday,12.967932,80.118971,1,58,1,0,0,0,0,0,0,1
Saturday,12.889427,80.072135,1,57,0,0,0,0,0,0,0,0
Saturday,13.00846,80.258887,1,5,1,1,5,1,0,1,1,2
Saturday,13.013715,80.128362,1,57,0,0,0,0,0,0,0,0
Saturday,12.951255,80.113863,1,58,0,0,0,0,0,0,0,0
Saturday,12.946199,80.106658,1,56,0,0,0,0,0,0,0,0
Saturday,12.924385,80.10036,1,58,0,0,0,0,0,0,0,0
Saturday,12.918373,80.176684,1,54,0,0,0,0,0,1,0,1
Saturday,13.007864,80.207916,1,56,0,0,0,2,1,6,2,1
Saturday,12.971166,80.219105,1,52,0,0,1,2,0,3,3,0
Saturday,12.95538,80.15482,1,58,0,0,0,1,0,0,0,0
Saturday,12.912552,80.101547,1,39,0,0,0,0,0,1,0,0
Saturday,12.864411,80.074336,1,48,0,0,0,0,0,0,0,0
Sunday,12.891509,80.085256,4,55,0,0,0,0,0,0,0,0
Sunday,12.918407,80.108939,1,58,0,0,0,3,0,0,0,0
Sunday,12.953267,80.164447,1,58,0,1,0,0,0,0,0,0
